oid,typname,typnamespace,typowner,typlen,typbyval,typtype,typcategory,typispreferred,typisdefined,typdelim,typrelid,typsubscript,typelem,typarray,typinput,typoutput,typreceive,typsend,typmodin,typmodout,typanalyze,typalign,typstorage,typnotnull,typbasetype,typtypmod,typndims,typcollation,typdefaultbin,typdefault,typacl
16,bool,11,10,1,t,b,B,t,t,,,0,-,0,1000,boolin,boolout,boolrecv,boolsend,-,-,-,c,p,f,0,-1,0,0,,,
17,bytea,11,10,-1,f,b,U,f,t,,,0,-,0,1001,byteain,byteaout,bytearecv,byteasend,-,-,-,i,x,f,0,-1,0,0,,,
18,char,11,10,1,t,b,S,f,t,,,0,-,0,1002,charin,charout,charrecv,charsend,-,-,-,c,p,f,0,-1,0,0,,,
19,name,11,10,64,f,b,S,f,t,,,0,raw_array_subscript_handler,18,1003,namein,nameout,namerecv,namesend,-,-,-,c,p,f,0,-1,0,950,,,
20,int8,11,10,8,t,b,N,f,t,,,0,-,0,1016,int8in,int8out,int8recv,int8send,-,-,-,d,p,f,0,-1,0,0,,,
21,int2,11,10,2,t,b,N,f,t,,,0,-,0,1005,int2in,int2out,int2recv,int2send,-,-,-,s,p,f,0,-1,0,0,,,
22,int2vector,11,10,-1,f,b,A,f,t,,,0,array_subscript_handler,21,1006,int2vectorin,int2vectorout,int2vectorrecv,int2vectorsend,-,-,-,i,p,f,0,-1,0,0,,,
23,int4,11,10,4,t,b,N,f,t,,,0,-,0,1007,int4in,int4out,int4recv,int4send,-,-,-,i,p,f,0,-1,0,0,,,
24,regproc,11,10,4,t,b,N,f,t,,,0,-,0,1008,regprocin,regprocout,regprocrecv,regprocsend,-,-,-,i,p,f,0,-1,0,0,,,
25,text,11,10,-1,f,b,S,t,t,,,0,-,0,1009,textin,textout,textrecv,textsend,-,-,-,i,x,f,0,-1,0,100,,,
26,oid,11,10,4,t,b,N,t,t,,,0,-,0,1028,oidin,oidout,oidrecv,oidsend,-,-,-,i,p,f,0,-1,0,0,,,
27,tid,11,10,6,f,b,U,f,t,,,0,-,0,1010,tidin,tidout,tidrecv,tidsend,-,-,-,s,p,f,0,-1,0,0,,,
28,xid,11,10,4,t,b,U,f,t,,,0,-,0,1011,xidin,xidout,xidrecv,xidsend,-,-,-,i,p,f,0,-1,0,0,,,
29,cid,11,10,4,t,b,U,f,t,,,0,-,0,1012,cidin,cidout,cidrecv,cidsend,-,-,-,i,p,f,0,-1,0,0,,,
30,oidvector,11,10,-1,f,b,A,f,t,,,0,array_subscript_handler,26,1013,oidvectorin,oidvectorout,oidvectorrecv,oidvectorsend,-,-,-,i,p,f,0,-1,0,0,,,
71,pg_type,11,10,-1,f,c,C,f,t,,,1247,-,0,210,record_in,record_out,record_recv,record_send,-,-,-,d,x,f,0,-1,0,0,,,
75,pg_attribute,11,10,-1,f,c,C,f,t,,,1249,-,0,270,record_in,record_out,record_recv,record_send,-,-,-,d,x,f,0,-1,0,0,,,
81,pg_proc,11,10,-1,f,c,C,f,t,,,1255,-,0,272,record_in,record_out,record_recv,record_send,-,-,-,d,x,f,0,-1,0,0,,,
83,pg_class,11,10,-1,f,c,C,f,t,,,1259,-,0,273,record_in,record_out,record_recv,record_send,-,-,-,d,x,f,0,-1,0,0,,,
114,json,11,10,-1,f,b,U,f,t,,,0,-,0,199,json_in,json_out,json_recv,json_send,-,-,-,i,x,f,0,-1,0,0,,,
142,xml,11,10,-1,f,b,U,f,t,,,0,-,0,143,xml_in,xml_out,xml_recv,xml_send,-,-,-,i,x,f,0,-1,0,0,,,
194,pg_node_tree,11,10,-1,f,b,S,f,t,,,0,-,0,0,pg_node_tree_in,pg_node_tree_out,pg_node_tree_recv,pg_node_tree_send,-,-,-,i,x,f,0,-1,0,100,,,
3361,pg_ndistinct,11,10,-1,f,b,S,f,t,,,0,-,0,0,pg_ndistinct_in,pg_ndistinct_out,pg_ndistinct_recv,pg_ndistinct_send,-,-,-,i,x,f,0,-1,0,100,,,
3402,pg_dependencies,11,10,-1,f,b,S,f,t,,,0,-,0,0,pg_dependencies_in,pg_dependencies_out,pg_dependencies_recv,pg_dependencies_send,-,-,-,i,x,f,0,-1,0,100,,,
5017,pg_mcv_list,11,10,-1,f,b,S,f,t,,,0,-,0,0,pg_mcv_list_in,pg_mcv_list_out,pg_mcv_list_recv,pg_mcv_list_send,-,-,-,i,x,f,0,-1,0,100,,,
32,pg_ddl_command,11,10,8,t,p,P,f,t,,,0,-,0,0,pg_ddl_command_in,pg_ddl_command_out,pg_ddl_command_recv,pg_ddl_command_send,-,-,-,d,p,f,0,-1,0,0,,,
5069,xid8,11,10,8,t,b,U,f,t,,,0,-,0,271,xid8in,xid8out,xid8recv,xid8send,-,-,-,d,p,f,0,-1,0,0,,,
600,point,11,10,16,f,b,G,f,t,,,0,raw_array_subscript_handler,701,1017,point_in,point_out,point_recv,point_send,-,-,-,d,p,f,0,-1,0,0,,,
601,lseg,11,10,32,f,b,G,f,t,,,0,raw_array_subscript_handler,600,1018,lseg_in,lseg_out,lseg_recv,lseg_send,-,-,-,d,p,f,0,-1,0,0,,,
602,path,11,10,-1,f,b,G,f,t,,,0,-,0,1019,path_in,path_out,path_recv,path_send,-,-,-,d,x,f,0,-1,0,0,,,
603,box,11,10,32,f,b,G,f,t,;,0,raw_array_subscript_handler,600,1020,box_in,box_out,box_recv,box_send,-,-,-,d,p,f,0,-1,0,0,,,
604,polygon,11,10,-1,f,b,G,f,t,,,0,-,0,1027,poly_in,poly_out,poly_recv,poly_send,-,-,-,d,x,f,0,-1,0,0,,,
628,line,11,10,24,f,b,G,f,t,,,0,raw_array_subscript_handler,701,629,line_in,line_out,line_recv,line_send,-,-,-,d,p,f,0,-1,0,0,,,
700,float4,11,10,4,t,b,N,f,t,,,0,-,0,1021,float4in,float4out,float4recv,float4send,-,-,-,i,p,f,0,-1,0,0,,,
701,float8,11,10,8,t,b,N,t,t,,,0,-,0,1022,float8in,float8out,float8recv,float8send,-,-,-,d,p,f,0,-1,0,0,,,
705,unknown,11,10,-2,f,p,X,f,t,,,0,-,0,0,unknownin,unknownout,unknownrecv,unknownsend,-,-,-,c,p,f,0,-1,0,0,,,
718,circle,11,10,24,f,b,G,f,t,,,0,-,0,719,circle_in,circle_out,circle_recv,circle_send,-,-,-,d,p,f,0,-1,0,0,,,
790,money,11,10,8,t,b,N,f,t,,,0,-,0,791,cash_in,cash_out,cash_recv,cash_send,-,-,-,d,p,f,0,-1,0,0,,,
829,macaddr,11,10,6,f,b,U,f,t,,,0,-,0,1040,macaddr_in,macaddr_out,macaddr_recv,macaddr_send,-,-,-,i,p,f,0,-1,0,0,,,
869,inet,11,10,-1,f,b,I,t,t,,,0,-,0,1041,inet_in,inet_out,inet_recv,inet_send,-,-,-,i,m,f,0,-1,0,0,,,
650,cidr,11,10,-1,f,b,I,f,t,,,0,-,0,651,cidr_in,cidr_out,cidr_recv,cidr_send,-,-,-,i,m,f,0,-1,0,0,,,
774,macaddr8,11,10,8,f,b,U,f,t,,,0,-,0,775,macaddr8_in,macaddr8_out,macaddr8_recv,macaddr8_send,-,-,-,i,p,f,0,-1,0,0,,,
1033,aclitem,11,10,12,f,b,U,f,t,,,0,-,0,1034,aclitemin,aclitemout,-,-,-,-,-,i,p,f,0,-1,0,0,,,
1042,bpchar,11,10,-1,f,b,S,f,t,,,0,-,0,1014,bpcharin,bpcharout,bpcharrecv,bpcharsend,bpchartypmodin,bpchartypmodout,-,i,x,f,0,-1,0,100,,,
1043,varchar,11,10,-1,f,b,S,f,t,,,0,-,0,1015,varcharin,varcharout,varcharrecv,varcharsend,varchartypmodin,varchartypmodout,-,i,x,f,0,-1,0,100,,,
1082,date,11,10,4,t,b,D,f,t,,,0,-,0,1182,date_in,date_out,date_recv,date_send,-,-,-,i,p,f,0,-1,0,0,,,
1083,time,11,10,8,t,b,D,f,t,,,0,-,0,1183,time_in,time_out,time_recv,time_send,timetypmodin,timetypmodout,-,d,p,f,0,-1,0,0,,,
1114,timestamp,11,10,8,t,b,D,f,t,,,0,-,0,1115,timestamp_in,timestamp_out,timestamp_recv,timestamp_send,timestamptypmodin,timestamptypmodout,-,d,p,f,0,-1,0,0,,,
1184,timestamptz,11,10,8,t,b,D,t,t,,,0,-,0,1185,timestamptz_in,timestamptz_out,timestamptz_recv,timestamptz_send,timestamptztypmodin,timestamptztypmodout,-,d,p,f,0,-1,0,0,,,
1186,interval,11,10,16,f,b,T,t,t,,,0,-,0,1187,interval_in,interval_out,interval_recv,interval_send,intervaltypmodin,intervaltypmodout,-,d,p,f,0,-1,0,0,,,
1266,timetz,11,10,12,f,b,D,f,t,,,0,-,0,1270,timetz_in,timetz_out,timetz_recv,timetz_send,timetztypmodin,timetztypmodout,-,d,p,f,0,-1,0,0,,,
1560,bit,11,10,-1,f,b,V,f,t,,,0,-,0,1561,bit_in,bit_out,bit_recv,bit_send,bittypmodin,bittypmodout,-,i,x,f,0,-1,0,0,,,
1562,varbit,11,10,-1,f,b,V,t,t,,,0,-,0,1563,varbit_in,varbit_out,varbit_recv,varbit_send,varbittypmodin,varbittypmodout,-,i,x,f,0,-1,0,0,,,
1700,numeric,11,10,-1,f,b,N,f,t,,,0,-,0,1231,numeric_in,numeric_out,numeric_recv,numeric_send,numerictypmodin,numerictypmodout,-,i,m,f,0,-1,0,0,,,
1790,refcursor,11,10,-1,f,b,U,f,t,,,0,-,0,2201,textin,textout,textrecv,textsend,-,-,-,i,x,f,0,-1,0,0,,,
2202,regprocedure,11,10,4,t,b,N,f,t,,,0,-,0,2207,regprocedurein,regprocedureout,regprocedurerecv,regproceduresend,-,-,-,i,p,f,0,-1,0,0,,,
2203,regoper,11,10,4,t,b,N,f,t,,,0,-,0,2208,regoperin,regoperout,regoperrecv,regopersend,-,-,-,i,p,f,0,-1,0,0,,,
2204,regoperator,11,10,4,t,b,N,f,t,,,0,-,0,2209,regoperatorin,regoperatorout,regoperatorrecv,regoperatorsend,-,-,-,i,p,f,0,-1,0,0,,,
2205,regclass,11,10,4,t,b,N,f,t,,,0,-,0,2210,regclassin,regclassout,regclassrecv,regclasssend,-,-,-,i,p,f,0,-1,0,0,,,
4191,regcollation,11,10,4,t,b,N,f,t,,,0,-,0,4192,regcollationin,regcollationout,regcollationrecv,regcollationsend,-,-,-,i,p,f,0,-1,0,0,,,
2206,regtype,11,10,4,t,b,N,f,t,,,0,-,0,2211,regtypein,regtypeout,regtyperecv,regtypesend,-,-,-,i,p,f,0,-1,0,0,,,
4096,regrole,11,10,4,t,b,N,f,t,,,0,-,0,4097,regrolein,regroleout,regrolerecv,regrolesend,-,-,-,i,p,f,0,-1,0,0,,,
4089,regnamespace,11,10,4,t,b,N,f,t,,,0,-,0,4090,regnamespacein,regnamespaceout,regnamespacerecv,regnamespacesend,-,-,-,i,p,f,0,-1,0,0,,,
2950,uuid,11,10,16,f,b,U,f,t,,,0,-,0,2951,uuid_in,uuid_out,uuid_recv,uuid_send,-,-,-,c,p,f,0,-1,0,0,,,
3220,pg_lsn,11,10,8,t,b,U,f,t,,,0,-,0,3221,pg_lsn_in,pg_lsn_out,pg_lsn_recv,pg_lsn_send,-,-,-,d,p,f,0,-1,0,0,,,
3614,tsvector,11,10,-1,f,b,U,f,t,,,0,-,0,3643,tsvectorin,tsvectorout,tsvectorrecv,tsvectorsend,-,-,ts_typanalyze,i,x,f,0,-1,0,0,,,
3642,gtsvector,11,10,-1,f,b,U,f,t,,,0,-,0,3644,gtsvectorin,gtsvectorout,-,-,-,-,-,i,p,f,0,-1,0,0,,,
3615,tsquery,11,10,-1,f,b,U,f,t,,,0,-,0,3645,tsqueryin,tsqueryout,tsqueryrecv,tsquerysend,-,-,-,i,p,f,0,-1,0,0,,,
3734,regconfig,11,10,4,t,b,N,f,t,,,0,-,0,3735,regconfigin,regconfigout,regconfigrecv,regconfigsend,-,-,-,i,p,f,0,-1,0,0,,,
3769,regdictionary,11,10,4,t,b,N,f,t,,,0,-,0,3770,regdictionaryin,regdictionaryout,regdictionaryrecv,regdictionarysend,-,-,-,i,p,f,0,-1,0,0,,,
3802,jsonb,11,10,-1,f,b,U,f,t,,,0,jsonb_subscript_handler,0,3807,jsonb_in,jsonb_out,jsonb_recv,jsonb_send,-,-,-,i,x,f,0,-1,0,0,,,
4072,jsonpath,11,10,-1,f,b,U,f,t,,,0,-,0,4073,jsonpath_in,jsonpath_out,jsonpath_recv,jsonpath_send,-,-,-,i,x,f,0,-1,0,0,,,
2970,txid_snapshot,11,10,-1,f,b,U,f,t,,,0,-,0,2949,txid_snapshot_in,txid_snapshot_out,txid_snapshot_recv,txid_snapshot_send,-,-,-,d,x,f,0,-1,0,0,,,
5038,pg_snapshot,11,10,-1,f,b,U,f,t,,,0,-,0,5039,pg_snapshot_in,pg_snapshot_out,pg_snapshot_recv,pg_snapshot_send,-,-,-,d,x,f,0,-1,0,0,,,
3904,int4range,11,10,-1,f,r,R,f,t,,,0,-,0,3905,range_in,range_out,range_recv,range_send,-,-,range_typanalyze,i,x,f,0,-1,0,0,,,
3906,numrange,11,10,-1,f,r,R,f,t,,,0,-,0,3907,range_in,range_out,range_recv,range_send,-,-,range_typanalyze,i,x,f,0,-1,0,0,,,
3908,tsrange,11,10,-1,f,r,R,f,t,,,0,-,0,3909,range_in,range_out,range_recv,range_send,-,-,range_typanalyze,d,x,f,0,-1,0,0,,,
3910,tstzrange,11,10,-1,f,r,R,f,t,,,0,-,0,3911,range_in,range_out,range_recv,range_send,-,-,range_typanalyze,d,x,f,0,-1,0,0,,,
3912,daterange,11,10,-1,f,r,R,f,t,,,0,-,0,3913,range_in,range_out,range_recv,range_send,-,-,range_typanalyze,i,x,f,0,-1,0,0,,,
3926,int8range,11,10,-1,f,r,R,f,t,,,0,-,0,3927,range_in,range_out,range_recv,range_send,-,-,range_typanalyze,d,x,f,0,-1,0,0,,,
4451,int4multirange,11,10,-1,f,m,R,f,t,,,0,-,0,6150,multirange_in,multirange_out,multirange_recv,multirange_send,-,-,multirange_typanalyze,i,x,f,0,-1,0,0,,,
4532,nummultirange,11,10,-1,f,m,R,f,t,,,0,-,0,6151,multirange_in,multirange_out,multirange_recv,multirange_send,-,-,multirange_typanalyze,i,x,f,0,-1,0,0,,,
4533,tsmultirange,11,10,-1,f,m,R,f,t,,,0,-,0,6152,multirange_in,multirange_out,multirange_recv,multirange_send,-,-,multirange_typanalyze,d,x,f,0,-1,0,0,,,
4534,tstzmultirange,11,10,-1,f,m,R,f,t,,,0,-,0,6153,multirange_in,multirange_out,multirange_recv,multirange_send,-,-,multirange_typanalyze,d,x,f,0,-1,0,0,,,
4535,datemultirange,11,10,-1,f,m,R,f,t,,,0,-,0,6155,multirange_in,multirange_out,multirange_recv,multirange_send,-,-,multirange_typanalyze,i,x,f,0,-1,0,0,,,
4536,int8multirange,11,10,-1,f,m,R,f,t,,,0,-,0,6157,multirange_in,multirange_out,multirange_recv,multirange_send,-,-,multirange_typanalyze,d,x,f,0,-1,0,0,,,
2249,record,11,10,-1,f,p,P,f,t,,,0,-,0,2287,record_in,record_out,record_recv,record_send,-,-,-,d,x,f,0,-1,0,0,,,
2287,_record,11,10,-1,f,p,P,f,t,,,0,array_subscript_handler,2249,0,array_in,array_out,array_recv,array_send,-,-,array_typanalyze,d,x,f,0,-1,0,0,,,
2275,cstring,11,10,-2,f,p,P,f,t,,,0,-,0,1263,cstring_in,cstring_out,cstring_recv,cstring_send,-,-,-,c,p,f,0,-1,0,0,,,
2276,any,11,10,4,t,p,P,f,t,,,0,-,0,0,any_in,any_out,-,-,-,-,-,i,p,f,0,-1,0,0,,,
2277,anyarray,11,10,-1,f,p,P,f,t,,,0,-,0,0,anyarray_in,anyarray_out,anyarray_recv,anyarray_send,-,-,-,d,x,f,0,-1,0,0,,,
2278,void,11,10,4,t,p,P,f,t,,,0,-,0,0,void_in,void_out,void_recv,void_send,-,-,-,i,p,f,0,-1,0,0,,,
2279,trigger,11,10,4,t,p,P,f,t,,,0,-,0,0,trigger_in,trigger_out,-,-,-,-,-,i,p,f,0,-1,0,0,,,
3838,event_trigger,11,10,4,t,p,P,f,t,,,0,-,0,0,event_trigger_in,event_trigger_out,-,-,-,-,-,i,p,f,0,-1,0,0,,,
2280,language_handler,11,10,4,t,p,P,f,t,,,0,-,0,0,language_handler_in,language_handler_out,-,-,-,-,-,i,p,f,0,-1,0,0,,,
2281,internal,11,10,8,t,p,P,f,t,,,0,-,0,0,internal_in,internal_out,-,-,-,-,-,d,p,f,0,-1,0,0,,,
2283,anyelement,11,10,4,t,p,P,f,t,,,0,-,0,0,anyelement_in,anyelement_out,-,-,-,-,-,i,p,f,0,-1,0,0,,,
2776,anynonarray,11,10,4,t,p,P,f,t,,,0,-,0,0,anynonarray_in,anynonarray_out,-,-,-,-,-,i,p,f,0,-1,0,0,,,
3500,anyenum,11,10,4,t,p,P,f,t,,,0,-,0,0,anyenum_in,anyenum_out,-,-,-,-,-,i,p,f,0,-1,0,0,,,
3115,fdw_handler,11,10,4,t,p,P,f,t,,,0,-,0,0,fdw_handler_in,fdw_handler_out,-,-,-,-,-,i,p,f,0,-1,0,0,,,
325,index_am_handler,11,10,4,t,p,P,f,t,,,0,-,0,0,index_am_handler_in,index_am_handler_out,-,-,-,-,-,i,p,f,0,-1,0,0,,,
3310,tsm_handler,11,10,4,t,p,P,f,t,,,0,-,0,0,tsm_handler_in,tsm_handler_out,-,-,-,-,-,i,p,f,0,-1,0,0,,,
269,table_am_handler,11,10,4,t,p,P,f,t,,,0,-,0,0,table_am_handler_in,table_am_handler_out,-,-,-,-,-,i,p,f,0,-1,0,0,,,
3831,anyrange,11,10,-1,f,p,P,f,t,,,0,-,0,0,anyrange_in,anyrange_out,-,-,-,-,-,d,x,f,0,-1,0,0,,,
5077,anycompatible,11,10,4,t,p,P,f,t,,,0,-,0,0,anycompatible_in,anycompatible_out,-,-,-,-,-,i,p,f,0,-1,0,0,,,
5078,anycompatiblearray,11,10,-1,f,p,P,f,t,,,0,-,0,0,anycompatiblearray_in,anycompatiblearray_out,anycompatiblearray_recv,anycompatiblearray_send,-,-,-,d,x,f,0,-1,0,0,,,
5079,anycompatiblenonarray,11,10,4,t,p,P,f,t,,,0,-,0,0,anycompatiblenonarray_in,anycompatiblenonarray_out,-,-,-,-,-,i,p,f,0,-1,0,0,,,
5080,anycompatiblerange,11,10,-1,f,p,P,f,t,,,0,-,0,0,anycompatiblerange_in,anycompatiblerange_out,-,-,-,-,-,d,x,f,0,-1,0,0,,,
4537,anymultirange,11,10,-1,f,p,P,f,t,,,0,-,0,0,anymultirange_in,anymultirange_out,-,-,-,-,-,d,x,f,0,-1,0,0,,,
4538,anycompatiblemultirange,11,10,-1,f,p,P,f,t,,,0,-,0,0,anycompatiblemultirange_in,anycompatiblemultirange_out,-,-,-,-,-,d,x,f,0,-1,0,0,,,
4600,pg_brin_bloom_summary,11,10,-1,f,b,S,f,t,,,0,-,0,0,brin_bloom_summary_in,brin_bloom_summary_out,brin_bloom_summary_recv,brin_bloom_summary_send,-,-,-,i,x,f,0,-1,0,100,,,
4601,pg_brin_minmax_multi_summary,11,10,-1,f,b,S,f,t,,,0,-,0,0,brin_minmax_multi_summary_in,brin_minmax_multi_summary_out,brin_minmax_multi_summary_recv,brin_minmax_multi_summary_send,-,-,-,i,x,f,0,-1,0,100,,,
1000,_bool,11,10,-1,f,b,A,f,t,,,0,array_subscript_handler,16,0,array_in,array_out,array_recv,array_send,-,-,array_typanalyze,i,x,f,0,-1,0,0,,,
1001,_bytea,11,10,-1,f,b,A,f,t,,,0,array_subscript_handler,17,0,array_in,array_out,array_recv,array_send,-,-,array_typanalyze,i,x,f,0,-1,0,0,,,
1002,_char,11,10,-1,f,b,A,f,t,,,0,array_subscript_handler,18,0,array_in,array_out,array_recv,array_send,-,-,array_typanalyze,i,x,f,0,-1,0,0,,,
1003,_name,11,10,-1,f,b,A,f,t,,,0,array_subscript_handler,19,0,array_in,array_out,array_recv,array_send,-,-,array_typanalyze,i,x,f,0,-1,0,950,,,
1016,_int8,11,10,-1,f,b,A,f,t,,,0,array_subscript_handler,20,0,array_in,array_out,array_recv,array_send,-,-,array_typanalyze,d,x,f,0,-1,0,0,,,
1005,_int2,11,10,-1,f,b,A,f,t,,,0,array_subscript_handler,21,0,array_in,array_out,array_recv,array_send,-,-,array_typanalyze,i,x,f,0,-1,0,0,,,
1006,_int2vector,11,10,-1,f,b,A,f,t,,,0,array_subscript_handler,22,0,array_in,array_out,array_recv,array_send,-,-,array_typanalyze,i,x,f,0,-1,0,0,,,
1007,_int4,11,10,-1,f,b,A,f,t,,,0,array_subscript_handler,23,0,array_in,array_out,array_recv,array_send,-,-,array_typanalyze,i,x,f,0,-1,0,0,,,
1008,_regproc,11,10,-1,f,b,A,f,t,,,0,array_subscript_handler,24,0,array_in,array_out,array_recv,array_send,-,-,array_typanalyze,i,x,f,0,-1,0,0,,,
1009,_text,11,10,-1,f,b,A,f,t,,,0,array_subscript_handler,25,0,array_in,array_out,array_recv,array_send,-,-,array_typanalyze,i,x,f,0,-1,0,100,,,
1028,_oid,11,10,-1,f,b,A,f,t,,,0,array_subscript_handler,26,0,array_in,array_out,array_recv,array_send,-,-,array_typanalyze,i,x,f,0,-1,0,0,,,
1010,_tid,11,10,-1,f,b,A,f,t,,,0,array_subscript_handler,27,0,array_in,array_out,array_recv,array_send,-,-,array_typanalyze,i,x,f,0,-1,0,0,,,
1011,_xid,11,10,-1,f,b,A,f,t,,,0,array_subscript_handler,28,0,array_in,array_out,array_recv,array_send,-,-,array_typanalyze,i,x,f,0,-1,0,0,,,
1012,_cid,11,10,-1,f,b,A,f,t,,,0,array_subscript_handler,29,0,array_in,array_out,array_recv,array_send,-,-,array_typanalyze,i,x,f,0,-1,0,0,,,
1013,_oidvector,11,10,-1,f,b,A,f,t,,,0,array_subscript_handler,30,0,array_in,array_out,array_recv,array_send,-,-,array_typanalyze,i,x,f,0,-1,0,0,,,
210,_pg_type,11,10,-1,f,b,A,f,t,,,0,array_subscript_handler,71,0,array_in,array_out,array_recv,array_send,-,-,array_typanalyze,d,x,f,0,-1,0,0,,,
270,_pg_attribute,11,10,-1,f,b,A,f,t,,,0,array_subscript_handler,75,0,array_in,array_out,array_recv,array_send,-,-,array_typanalyze,d,x,f,0,-1,0,0,,,
272,_pg_proc,11,10,-1,f,b,A,f,t,,,0,array_subscript_handler,81,0,array_in,array_out,array_recv,array_send,-,-,array_typanalyze,d,x,f,0,-1,0,0,,,
273,_pg_class,11,10,-1,f,b,A,f,t,,,0,array_subscript_handler,83,0,array_in,array_out,array_recv,array_send,-,-,array_typanalyze,d,x,f,0,-1,0,0,,,
199,_json,11,10,-1,f,b,A,f,t,,,0,array_subscript_handler,114,0,array_in,array_out,array_recv,array_send,-,-,array_typanalyze,i,x,f,0,-1,0,0,,,
143,_xml,11,10,-1,f,b,A,f,t,,,0,array_subscript_handler,142,0,array_in,array_out,array_recv,array_send,-,-,array_typanalyze,i,x,f,0,-1,0,0,,,
271,_xid8,11,10,-1,f,b,A,f,t,,,0,array_subscript_handler,5069,0,array_in,array_out,array_recv,array_send,-,-,array_typanalyze,d,x,f,0,-1,0,0,,,
1017,_point,11,10,-1,f,b,A,f,t,,,0,array_subscript_handler,600,0,array_in,array_out,array_recv,array_send,-,-,array_typanalyze,d,x,f,0,-1,0,0,,,
1018,_lseg,11,10,-1,f,b,A,f,t,,,0,array_subscript_handler,601,0,array_in,array_out,array_recv,array_send,-,-,array_typanalyze,d,x,f,0,-1,0,0,,,
1019,_path,11,10,-1,f,b,A,f,t,,,0,array_subscript_handler,602,0,array_in,array_out,array_recv,array_send,-,-,array_typanalyze,d,x,f,0,-1,0,0,,,
1020,_box,11,10,-1,f,b,A,f,t,;,0,array_subscript_handler,603,0,array_in,array_out,array_recv,array_send,-,-,array_typanalyze,d,x,f,0,-1,0,0,,,
1027,_polygon,11,10,-1,f,b,A,f,t,,,0,array_subscript_handler,604,0,array_in,array_out,array_recv,array_send,-,-,array_typanalyze,d,x,f,0,-1,0,0,,,
629,_line,11,10,-1,f,b,A,f,t,,,0,array_subscript_handler,628,0,array_in,array_out,array_recv,array_send,-,-,array_typanalyze,d,x,f,0,-1,0,0,,,
1021,_float4,11,10,-1,f,b,A,f,t,,,0,array_subscript_handler,700,0,array_in,array_out,array_recv,array_send,-,-,array_typanalyze,i,x,f,0,-1,0,0,,,
1022,_float8,11,10,-1,f,b,A,f,t,,,0,array_subscript_handler,701,0,array_in,array_out,array_recv,array_send,-,-,array_typanalyze,d,x,f,0,-1,0,0,,,
719,_circle,11,10,-1,f,b,A,f,t,,,0,array_subscript_handler,718,0,array_in,array_out,array_recv,array_send,-,-,array_typanalyze,d,x,f,0,-1,0,0,,,
791,_money,11,10,-1,f,b,A,f,t,,,0,array_subscript_handler,790,0,array_in,array_out,array_recv,array_send,-,-,array_typanalyze,d,x,f,0,-1,0,0,,,
1040,_macaddr,11,10,-1,f,b,A,f,t,,,0,array_subscript_handler,829,0,array_in,array_out,array_recv,array_send,-,-,array_typanalyze,i,x,f,0,-1,0,0,,,
1041,_inet,11,10,-1,f,b,A,f,t,,,0,array_subscript_handler,869,0,array_in,array_out,array_recv,array_send,-,-,array_typanalyze,i,x,f,0,-1,0,0,,,
651,_cidr,11,10,-1,f,b,A,f,t,,,0,array_subscript_handler,650,0,array_in,array_out,array_recv,array_send,-,-,array_typanalyze,i,x,f,0,-1,0,0,,,
775,_macaddr8,11,10,-1,f,b,A,f,t,,,0,array_subscript_handler,774,0,array_in,array_out,array_recv,array_send,-,-,array_typanalyze,i,x,f,0,-1,0,0,,,
1034,_aclitem,11,10,-1,f,b,A,f,t,,,0,array_subscript_handler,1033,0,array_in,array_out,array_recv,array_send,-,-,array_typanalyze,i,x,f,0,-1,0,0,,,
1014,_bpchar,11,10,-1,f,b,A,f,t,,,0,array_subscript_handler,1042,0,array_in,array_out,array_recv,array_send,bpchartypmodin,bpchartypmodout,array_typanalyze,i,x,f,0,-1,0,100,,,
1015,_varchar,11,10,-1,f,b,A,f,t,,,0,array_subscript_handler,1043,0,array_in,array_out,array_recv,array_send,varchartypmodin,varchartypmodout,array_typanalyze,i,x,f,0,-1,0,100,,,
1182,_date,11,10,-1,f,b,A,f,t,,,0,array_subscript_handler,1082,0,array_in,array_out,array_recv,array_send,-,-,array_typanalyze,i,x,f,0,-1,0,0,,,
1183,_time,11,10,-1,f,b,A,f,t,,,0,array_subscript_handler,1083,0,array_in,array_out,array_recv,array_send,timetypmodin,timetypmodout,array_typanalyze,d,x,f,0,-1,0,0,,,
1115,_timestamp,11,10,-1,f,b,A,f,t,,,0,array_subscript_handler,1114,0,array_in,array_out,array_recv,array_send,timestamptypmodin,timestamptypmodout,array_typanalyze,d,x,f,0,-1,0,0,,,
1185,_timestamptz,11,10,-1,f,b,A,f,t,,,0,array_subscript_handler,1184,0,array_in,array_out,array_recv,array_send,timestamptztypmodin,timestamptztypmodout,array_typanalyze,d,x,f,0,-1,0,0,,,
1187,_interval,11,10,-1,f,b,A,f,t,,,0,array_subscript_handler,1186,0,array_in,array_out,array_recv,array_send,intervaltypmodin,intervaltypmodout,array_typanalyze,d,x,f,0,-1,0,0,,,
1270,_timetz,11,10,-1,f,b,A,f,t,,,0,array_subscript_handler,1266,0,array_in,array_out,array_recv,array_send,timetztypmodin,timetztypmodout,array_typanalyze,d,x,f,0,-1,0,0,,,
1561,_bit,11,10,-1,f,b,A,f,t,,,0,array_subscript_handler,1560,0,array_in,array_out,array_recv,array_send,bittypmodin,bittypmodout,array_typanalyze,i,x,f,0,-1,0,0,,,
1563,_varbit,11,10,-1,f,b,A,f,t,,,0,array_subscript_handler,1562,0,array_in,array_out,array_recv,array_send,varbittypmodin,varbittypmodout,array_typanalyze,i,x,f,0,-1,0,0,,,
1231,_numeric,11,10,-1,f,b,A,f,t,,,0,array_subscript_handler,1700,0,array_in,array_out,array_recv,array_send,numerictypmodin,numerictypmodout,array_typanalyze,i,x,f,0,-1,0,0,,,
2201,_refcursor,11,10,-1,f,b,A,f,t,,,0,array_subscript_handler,1790,0,array_in,array_out,array_recv,array_send,-,-,array_typanalyze,i,x,f,0,-1,0,0,,,
2207,_regprocedure,11,10,-1,f,b,A,f,t,,,0,array_subscript_handler,2202,0,array_in,array_out,array_recv,array_send,-,-,array_typanalyze,i,x,f,0,-1,0,0,,,
2208,_regoper,11,10,-1,f,b,A,f,t,,,0,array_subscript_handler,2203,0,array_in,array_out,array_recv,array_send,-,-,array_typanalyze,i,x,f,0,-1,0,0,,,
2209,_regoperator,11,10,-1,f,b,A,f,t,,,0,array_subscript_handler,2204,0,array_in,array_out,array_recv,array_send,-,-,array_typanalyze,i,x,f,0,-1,0,0,,,
2210,_regclass,11,10,-1,f,b,A,f,t,,,0,array_subscript_handler,2205,0,array_in,array_out,array_recv,array_send,-,-,array_typanalyze,i,x,f,0,-1,0,0,,,
4192,_regcollation,11,10,-1,f,b,A,f,t,,,0,array_subscript_handler,4191,0,array_in,array_out,array_recv,array_send,-,-,array_typanalyze,i,x,f,0,-1,0,0,,,
2211,_regtype,11,10,-1,f,b,A,f,t,,,0,array_subscript_handler,2206,0,array_in,array_out,array_recv,array_send,-,-,array_typanalyze,i,x,f,0,-1,0,0,,,
4097,_regrole,11,10,-1,f,b,A,f,t,,,0,array_subscript_handler,4096,0,array_in,array_out,array_recv,array_send,-,-,array_typanalyze,i,x,f,0,-1,0,0,,,
4090,_regnamespace,11,10,-1,f,b,A,f,t,,,0,array_subscript_handler,4089,0,array_in,array_out,array_recv,array_send,-,-,array_typanalyze,i,x,f,0,-1,0,0,,,
2951,_uuid,11,10,-1,f,b,A,f,t,,,0,array_subscript_handler,2950,0,array_in,array_out,array_recv,array_send,-,-,array_typanalyze,i,x,f,0,-1,0,0,,,
3221,_pg_lsn,11,10,-1,f,b,A,f,t,,,0,array_subscript_handler,3220,0,array_in,array_out,array_recv,array_send,-,-,array_typanalyze,d,x,f,0,-1,0,0,,,
3643,_tsvector,11,10,-1,f,b,A,f,t,,,0,array_subscript_handler,3614,0,array_in,array_out,array_recv,array_send,-,-,array_typanalyze,i,x,f,0,-1,0,0,,,
3644,_gtsvector,11,10,-1,f,b,A,f,t,,,0,array_subscript_handler,3642,0,array_in,array_out,array_recv,array_send,-,-,array_typanalyze,i,x,f,0,-1,0,0,,,
3645,_tsquery,11,10,-1,f,b,A,f,t,,,0,array_subscript_handler,3615,0,array_in,array_out,array_recv,array_send,-,-,array_typanalyze,i,x,f,0,-1,0,0,,,
3735,_regconfig,11,10,-1,f,b,A,f,t,,,0,array_subscript_handler,3734,0,array_in,array_out,array_recv,array_send,-,-,array_typanalyze,i,x,f,0,-1,0,0,,,
3770,_regdictionary,11,10,-1,f,b,A,f,t,,,0,array_subscript_handler,3769,0,array_in,array_out,array_recv,array_send,-,-,array_typanalyze,i,x,f,0,-1,0,0,,,
3807,_jsonb,11,10,-1,f,b,A,f,t,,,0,array_subscript_handler,3802,0,array_in,array_out,array_recv,array_send,-,-,array_typanalyze,i,x,f,0,-1,0,0,,,
4073,_jsonpath,11,10,-1,f,b,A,f,t,,,0,array_subscript_handler,4072,0,array_in,array_out,array_recv,array_send,-,-,array_typanalyze,i,x,f,0,-1,0,0,,,
2949,_txid_snapshot,11,10,-1,f,b,A,f,t,,,0,array_subscript_handler,2970,0,array_in,array_out,array_recv,array_send,-,-,array_typanalyze,d,x,f,0,-1,0,0,,,
5039,_pg_snapshot,11,10,-1,f,b,A,f,t,,,0,array_subscript_handler,5038,0,array_in,array_out,array_recv,array_send,-,-,array_typanalyze,d,x,f,0,-1,0,0,,,
3905,_int4range,11,10,-1,f,b,A,f,t,,,0,array_subscript_handler,3904,0,array_in,array_out,array_recv,array_send,-,-,array_typanalyze,i,x,f,0,-1,0,0,,,
3907,_numrange,11,10,-1,f,b,A,f,t,,,0,array_subscript_handler,3906,0,array_in,array_out,array_recv,array_send,-,-,array_typanalyze,i,x,f,0,-1,0,0,,,
3909,_tsrange,11,10,-1,f,b,A,f,t,,,0,array_subscript_handler,3908,0,array_in,array_out,array_recv,array_send,-,-,array_typanalyze,d,x,f,0,-1,0,0,,,
3911,_tstzrange,11,10,-1,f,b,A,f,t,,,0,array_subscript_handler,3910,0,array_in,array_out,array_recv,array_send,-,-,array_typanalyze,d,x,f,0,-1,0,0,,,
3913,_daterange,11,10,-1,f,b,A,f,t,,,0,array_subscript_handler,3912,0,array_in,array_out,array_recv,array_send,-,-,array_typanalyze,i,x,f,0,-1,0,0,,,
3927,_int8range,11,10,-1,f,b,A,f,t,,,0,array_subscript_handler,3926,0,array_in,array_out,array_recv,array_send,-,-,array_typanalyze,d,x,f,0,-1,0,0,,,
6150,_int4multirange,11,10,-1,f,b,A,f,t,,,0,array_subscript_handler,4451,0,array_in,array_out,array_recv,array_send,-,-,array_typanalyze,i,x,f,0,-1,0,0,,,
6151,_nummultirange,11,10,-1,f,b,A,f,t,,,0,array_subscript_handler,4532,0,array_in,array_out,array_recv,array_send,-,-,array_typanalyze,i,x,f,0,-1,0,0,,,
6152,_tsmultirange,11,10,-1,f,b,A,f,t,,,0,array_subscript_handler,4533,0,array_in,array_out,array_recv,array_send,-,-,array_typanalyze,d,x,f,0,-1,0,0,,,
6153,_tstzmultirange,11,10,-1,f,b,A,f,t,,,0,array_subscript_handler,4534,0,array_in,array_out,array_recv,array_send,-,-,array_typanalyze,d,x,f,0,-1,0,0,,,
6155,_datemultirange,11,10,-1,f,b,A,f,t,,,0,array_subscript_handler,4535,0,array_in,array_out,array_recv,array_send,-,-,array_typanalyze,i,x,f,0,-1,0,0,,,
6157,_int8multirange,11,10,-1,f,b,A,f,t,,,0,array_subscript_handler,4536,0,array_in,array_out,array_recv,array_send,-,-,array_typanalyze,d,x,f,0,-1,0,0,,,
1263,_cstring,11,10,-1,f,b,A,f,t,,,0,array_subscript_handler,2275,0,array_in,array_out,array_recv,array_send,-,-,array_typanalyze,i,x,f,0,-1,0,0,,,
12001,pg_attrdef,11,10,-1,f,c,C,f,t,,,2604,-,0,12000,record_in,record_out,record_recv,record_send,-,-,-,d,x,f,0,-1,0,0,,,
12000,_pg_attrdef,11,10,-1,f,b,A,f,t,,,0,array_subscript_handler,12001,0,array_in,array_out,array_recv,array_send,-,-,array_typanalyze,d,x,f,0,-1,0,0,,,
12003,pg_constraint,11,10,-1,f,c,C,f,t,,,2606,-,0,12002,record_in,record_out,record_recv,record_send,-,-,-,d,x,f,0,-1,0,0,,,
12002,_pg_constraint,11,10,-1,f,b,A,f,t,,,0,array_subscript_handler,12003,0,array_in,array_out,array_recv,array_send,-,-,array_typanalyze,d,x,f,0,-1,0,0,,,
12005,pg_inherits,11,10,-1,f,c,C,f,t,,,2611,-,0,12004,record_in,record_out,record_recv,record_send,-,-,-,d,x,f,0,-1,0,0,,,
12004,_pg_inherits,11,10,-1,f,b,A,f,t,,,0,array_subscript_handler,12005,0,array_in,array_out,array_recv,array_send,-,-,array_typanalyze,d,x,f,0,-1,0,0,,,
12007,pg_index,11,10,-1,f,c,C,f,t,,,2610,-,0,12006,record_in,record_out,record_recv,record_send,-,-,-,d,x,f,0,-1,0,0,,,
12006,_pg_index,11,10,-1,f,b,A,f,t,,,0,array_subscript_handler,12007,0,array_in,array_out,array_recv,array_send,-,-,array_typanalyze,d,x,f,0,-1,0,0,,,
12009,pg_operator,11,10,-1,f,c,C,f,t,,,2617,-,0,12008,record_in,record_out,record_recv,record_send,-,-,-,d,x,f,0,-1,0,0,,,
12008,_pg_operator,11,10,-1,f,b,A,f,t,,,0,array_subscript_handler,12009,0,array_in,array_out,array_recv,array_send,-,-,array_typanalyze,d,x,f,0,-1,0,0,,,
12011,pg_opfamily,11,10,-1,f,c,C,f,t,,,2753,-,0,12010,record_in,record_out,record_recv,record_send,-,-,-,d,x,f,0,-1,0,0,,,
12010,_pg_opfamily,11,10,-1,f,b,A,f,t,,,0,array_subscript_handler,12011,0,array_in,array_out,array_recv,array_send,-,-,array_typanalyze,d,x,f,0,-1,0,0,,,
12013,pg_opclass,11,10,-1,f,c,C,f,t,,,2616,-,0,12012,record_in,record_out,record_recv,record_send,-,-,-,d,x,f,0,-1,0,0,,,
12012,_pg_opclass,11,10,-1,f,b,A,f,t,,,0,array_subscript_handler,12013,0,array_in,array_out,array_recv,array_send,-,-,array_typanalyze,d,x,f,0,-1,0,0,,,
12015,pg_am,11,10,-1,f,c,C,f,t,,,2601,-,0,12014,record_in,record_out,record_recv,record_send,-,-,-,d,x,f,0,-1,0,0,,,
12014,_pg_am,11,10,-1,f,b,A,f,t,,,0,array_subscript_handler,12015,0,array_in,array_out,array_recv,array_send,-,-,array_typanalyze,d,x,f,0,-1,0,0,,,
12017,pg_amop,11,10,-1,f,c,C,f,t,,,2602,-,0,12016,record_in,record_out,record_recv,record_send,-,-,-,d,x,f,0,-1,0,0,,,
12016,_pg_amop,11,10,-1,f,b,A,f,t,,,0,array_subscript_handler,12017,0,array_in,array_out,array_recv,array_send,-,-,array_typanalyze,d,x,f,0,-1,0,0,,,
12019,pg_amproc,11,10,-1,f,c,C,f,t,,,2603,-,0,12018,record_in,record_out,record_recv,record_send,-,-,-,d,x,f,0,-1,0,0,,,
12018,_pg_amproc,11,10,-1,f,b,A,f,t,,,0,array_subscript_handler,12019,0,array_in,array_out,array_recv,array_send,-,-,array_typanalyze,d,x,f,0,-1,0,0,,,
12021,pg_language,11,10,-1,f,c,C,f,t,,,2612,-,0,12020,record_in,record_out,record_recv,record_send,-,-,-,d,x,f,0,-1,0,0,,,
12020,_pg_language,11,10,-1,f,b,A,f,t,,,0,array_subscript_handler,12021,0,array_in,array_out,array_recv,array_send,-,-,array_typanalyze,d,x,f,0,-1,0,0,,,
12023,pg_largeobject_metadata,11,10,-1,f,c,C,f,t,,,2995,-,0,12022,record_in,record_out,record_recv,record_send,-,-,-,d,x,f,0,-1,0,0,,,
12022,_pg_largeobject_metadata,11,10,-1,f,b,A,f,t,,,0,array_subscript_handler,12023,0,array_in,array_out,array_recv,array_send,-,-,array_typanalyze,d,x,f,0,-1,0,0,,,
12025,pg_largeobject,11,10,-1,f,c,C,f,t,,,2613,-,0,12024,record_in,record_out,record_recv,record_send,-,-,-,d,x,f,0,-1,0,0,,,
12024,_pg_largeobject,11,10,-1,f,b,A,f,t,,,0,array_subscript_handler,12025,0,array_in,array_out,array_recv,array_send,-,-,array_typanalyze,d,x,f,0,-1,0,0,,,
12027,pg_aggregate,11,10,-1,f,c,C,f,t,,,2600,-,0,12026,record_in,record_out,record_recv,record_send,-,-,-,d,x,f,0,-1,0,0,,,
12026,_pg_aggregate,11,10,-1,f,b,A,f,t,,,0,array_subscript_handler,12027,0,array_in,array_out,array_recv,array_send,-,-,array_typanalyze,d,x,f,0,-1,0,0,,,
12029,pg_statistic,11,10,-1,f,c,C,f,t,,,2619,-,0,12028,record_in,record_out,record_recv,record_send,-,-,-,d,x,f,0,-1,0,0,,,
12028,_pg_statistic,11,10,-1,f,b,A,f,t,,,0,array_subscript_handler,12029,0,array_in,array_out,array_recv,array_send,-,-,array_typanalyze,d,x,f,0,-1,0,0,,,
12031,pg_statistic_ext,11,10,-1,f,c,C,f,t,,,3381,-,0,12030,record_in,record_out,record_recv,record_send,-,-,-,d,x,f,0,-1,0,0,,,
12030,_pg_statistic_ext,11,10,-1,f,b,A,f,t,,,0,array_subscript_handler,12031,0,array_in,array_out,array_recv,array_send,-,-,array_typanalyze,d,x,f,0,-1,0,0,,,
12033,pg_statistic_ext_data,11,10,-1,f,c,C,f,t,,,3429,-,0,12032,record_in,record_out,record_recv,record_send,-,-,-,d,x,f,0,-1,0,0,,,
12032,_pg_statistic_ext_data,11,10,-1,f,b,A,f,t,,,0,array_subscript_handler,12033,0,array_in,array_out,array_recv,array_send,-,-,array_typanalyze,d,x,f,0,-1,0,0,,,
12035,pg_rewrite,11,10,-1,f,c,C,f,t,,,2618,-,0,12034,record_in,record_out,record_recv,record_send,-,-,-,d,x,f,0,-1,0,0,,,
12034,_pg_rewrite,11,10,-1,f,b,A,f,t,,,0,array_subscript_handler,12035,0,array_in,array_out,array_recv,array_send,-,-,array_typanalyze,d,x,f,0,-1,0,0,,,
12037,pg_trigger,11,10,-1,f,c,C,f,t,,,2620,-,0,12036,record_in,record_out,record_recv,record_send,-,-,-,d,x,f,0,-1,0,0,,,
12036,_pg_trigger,11,10,-1,f,b,A,f,t,,,0,array_subscript_handler,12037,0,array_in,array_out,array_recv,array_send,-,-,array_typanalyze,d,x,f,0,-1,0,0,,,
12039,pg_event_trigger,11,10,-1,f,c,C,f,t,,,3466,-,0,12038,record_in,record_out,record_recv,record_send,-,-,-,d,x,f,0,-1,0,0,,,
12038,_pg_event_trigger,11,10,-1,f,b,A,f,t,,,0,array_subscript_handler,12039,0,array_in,array_out,array_recv,array_send,-,-,array_typanalyze,d,x,f,0,-1,0,0,,,
12041,pg_description,11,10,-1,f,c,C,f,t,,,2609,-,0,12040,record_in,record_out,record_recv,record_send,-,-,-,d,x,f,0,-1,0,0,,,
12040,_pg_description,11,10,-1,f,b,A,f,t,,,0,array_subscript_handler,12041,0,array_in,array_out,array_recv,array_send,-,-,array_typanalyze,d,x,f,0,-1,0,0,,,
12043,pg_cast,11,10,-1,f,c,C,f,t,,,2605,-,0,12042,record_in,record_out,record_recv,record_send,-,-,-,d,x,f,0,-1,0,0,,,
12042,_pg_cast,11,10,-1,f,b,A,f,t,,,0,array_subscript_handler,12043,0,array_in,array_out,array_recv,array_send,-,-,array_typanalyze,d,x,f,0,-1,0,0,,,
12045,pg_enum,11,10,-1,f,c,C,f,t,,,3501,-,0,12044,record_in,record_out,record_recv,record_send,-,-,-,d,x,f,0,-1,0,0,,,
12044,_pg_enum,11,10,-1,f,b,A,f,t,,,0,array_subscript_handler,12045,0,array_in,array_out,array_recv,array_send,-,-,array_typanalyze,d,x,f,0,-1,0,0,,,
12047,pg_namespace,11,10,-1,f,c,C,f,t,,,2615,-,0,12046,record_in,record_out,record_recv,record_send,-,-,-,d,x,f,0,-1,0,0,,,
12046,_pg_namespace,11,10,-1,f,b,A,f,t,,,0,array_subscript_handler,12047,0,array_in,array_out,array_recv,array_send,-,-,array_typanalyze,d,x,f,0,-1,0,0,,,
12049,pg_conversion,11,10,-1,f,c,C,f,t,,,2607,-,0,12048,record_in,record_out,record_recv,record_send,-,-,-,d,x,f,0,-1,0,0,,,
12048,_pg_conversion,11,10,-1,f,b,A,f,t,,,0,array_subscript_handler,12049,0,array_in,array_out,array_recv,array_send,-,-,array_typanalyze,d,x,f,0,-1,0,0,,,
12051,pg_depend,11,10,-1,f,c,C,f,t,,,2608,-,0,12050,record_in,record_out,record_recv,record_send,-,-,-,d,x,f,0,-1,0,0,,,
12050,_pg_depend,11,10,-1,f,b,A,f,t,,,0,array_subscript_handler,12051,0,array_in,array_out,array_recv,array_send,-,-,array_typanalyze,d,x,f,0,-1,0,0,,,
1248,pg_database,11,10,-1,f,c,C,f,t,,,1262,-,0,12052,record_in,record_out,record_recv,record_send,-,-,-,d,x,f,0,-1,0,0,,,
12052,_pg_database,11,10,-1,f,b,A,f,t,,,0,array_subscript_handler,1248,0,array_in,array_out,array_recv,array_send,-,-,array_typanalyze,d,x,f,0,-1,0,0,,,
12054,pg_db_role_setting,11,10,-1,f,c,C,f,t,,,2964,-,0,12053,record_in,record_out,record_recv,record_send,-,-,-,d,x,f,0,-1,0,0,,,
12053,_pg_db_role_setting,11,10,-1,f,b,A,f,t,,,0,array_subscript_handler,12054,0,array_in,array_out,array_recv,array_send,-,-,array_typanalyze,d,x,f,0,-1,0,0,,,
12056,pg_tablespace,11,10,-1,f,c,C,f,t,,,1213,-,0,12055,record_in,record_out,record_recv,record_send,-,-,-,d,x,f,0,-1,0,0,,,
12055,_pg_tablespace,11,10,-1,f,b,A,f,t,,,0,array_subscript_handler,12056,0,array_in,array_out,array_recv,array_send,-,-,array_typanalyze,d,x,f,0,-1,0,0,,,
2842,pg_authid,11,10,-1,f,c,C,f,t,,,1260,-,0,12057,record_in,record_out,record_recv,record_send,-,-,-,d,x,f,0,-1,0,0,,,
12057,_pg_authid,11,10,-1,f,b,A,f,t,,,0,array_subscript_handler,2842,0,array_in,array_out,array_recv,array_send,-,-,array_typanalyze,d,x,f,0,-1,0,0,,,
2843,pg_auth_members,11,10,-1,f,c,C,f,t,,,1261,-,0,12058,record_in,record_out,record_recv,record_send,-,-,-,d,x,f,0,-1,0,0,,,
12058,_pg_auth_members,11,10,-1,f,b,A,f,t,,,0,array_subscript_handler,2843,0,array_in,array_out,array_recv,array_send,-,-,array_typanalyze,d,x,f,0,-1,0,0,,,
12060,pg_shdepend,11,10,-1,f,c,C,f,t,,,1214,-,0,12059,record_in,record_out,record_recv,record_send,-,-,-,d,x,f,0,-1,0,0,,,
12059,_pg_shdepend,11,10,-1,f,b,A,f,t,,,0,array_subscript_handler,12060,0,array_in,array_out,array_recv,array_send,-,-,array_typanalyze,d,x,f,0,-1,0,0,,,
12062,pg_shdescription,11,10,-1,f,c,C,f,t,,,2396,-,0,12061,record_in,record_out,record_recv,record_send,-,-,-,d,x,f,0,-1,0,0,,,
12061,_pg_shdescription,11,10,-1,f,b,A,f,t,,,0,array_subscript_handler,12062,0,array_in,array_out,array_recv,array_send,-,-,array_typanalyze,d,x,f,0,-1,0,0,,,
12064,pg_ts_config,11,10,-1,f,c,C,f,t,,,3602,-,0,12063,record_in,record_out,record_recv,record_send,-,-,-,d,x,f,0,-1,0,0,,,
12063,_pg_ts_config,11,10,-1,f,b,A,f,t,,,0,array_subscript_handler,12064,0,array_in,array_out,array_recv,array_send,-,-,array_typanalyze,d,x,f,0,-1,0,0,,,
12066,pg_ts_config_map,11,10,-1,f,c,C,f,t,,,3603,-,0,12065,record_in,record_out,record_recv,record_send,-,-,-,d,x,f,0,-1,0,0,,,
12065,_pg_ts_config_map,11,10,-1,f,b,A,f,t,,,0,array_subscript_handler,12066,0,array_in,array_out,array_recv,array_send,-,-,array_typanalyze,d,x,f,0,-1,0,0,,,
12068,pg_ts_dict,11,10,-1,f,c,C,f,t,,,3600,-,0,12067,record_in,record_out,record_recv,record_send,-,-,-,d,x,f,0,-1,0,0,,,
12067,_pg_ts_dict,11,10,-1,f,b,A,f,t,,,0,array_subscript_handler,12068,0,array_in,array_out,array_recv,array_send,-,-,array_typanalyze,d,x,f,0,-1,0,0,,,
12070,pg_ts_parser,11,10,-1,f,c,C,f,t,,,3601,-,0,12069,record_in,record_out,record_recv,record_send,-,-,-,d,x,f,0,-1,0,0,,,
12069,_pg_ts_parser,11,10,-1,f,b,A,f,t,,,0,array_subscript_handler,12070,0,array_in,array_out,array_recv,array_send,-,-,array_typanalyze,d,x,f,0,-1,0,0,,,
12072,pg_ts_template,11,10,-1,f,c,C,f,t,,,3764,-,0,12071,record_in,record_out,record_recv,record_send,-,-,-,d,x,f,0,-1,0,0,,,
12071,_pg_ts_template,11,10,-1,f,b,A,f,t,,,0,array_subscript_handler,12072,0,array_in,array_out,array_recv,array_send,-,-,array_typanalyze,d,x,f,0,-1,0,0,,,
12074,pg_extension,11,10,-1,f,c,C,f,t,,,3079,-,0,12073,record_in,record_out,record_recv,record_send,-,-,-,d,x,f,0,-1,0,0,,,
12073,_pg_extension,11,10,-1,f,b,A,f,t,,,0,array_subscript_handler,12074,0,array_in,array_out,array_recv,array_send,-,-,array_typanalyze,d,x,f,0,-1,0,0,,,
12076,pg_foreign_data_wrapper,11,10,-1,f,c,C,f,t,,,2328,-,0,12075,record_in,record_out,record_recv,record_send,-,-,-,d,x,f,0,-1,0,0,,,
12075,_pg_foreign_data_wrapper,11,10,-1,f,b,A,f,t,,,0,array_subscript_handler,12076,0,array_in,array_out,array_recv,array_send,-,-,array_typanalyze,d,x,f,0,-1,0,0,,,
12078,pg_foreign_server,11,10,-1,f,c,C,f,t,,,1417,-,0,12077,record_in,record_out,record_recv,record_send,-,-,-,d,x,f,0,-1,0,0,,,
12077,_pg_foreign_server,11,10,-1,f,b,A,f,t,,,0,array_subscript_handler,12078,0,array_in,array_out,array_recv,array_send,-,-,array_typanalyze,d,x,f,0,-1,0,0,,,
12080,pg_user_mapping,11,10,-1,f,c,C,f,t,,,1418,-,0,12079,record_in,record_out,record_recv,record_send,-,-,-,d,x,f,0,-1,0,0,,,
12079,_pg_user_mapping,11,10,-1,f,b,A,f,t,,,0,array_subscript_handler,12080,0,array_in,array_out,array_recv,array_send,-,-,array_typanalyze,d,x,f,0,-1,0,0,,,
12082,pg_foreign_table,11,10,-1,f,c,C,f,t,,,3118,-,0,12081,record_in,record_out,record_recv,record_send,-,-,-,d,x,f,0,-1,0,0,,,
12081,_pg_foreign_table,11,10,-1,f,b,A,f,t,,,0,array_subscript_handler,12082,0,array_in,array_out,array_recv,array_send,-,-,array_typanalyze,d,x,f,0,-1,0,0,,,
12084,pg_policy,11,10,-1,f,c,C,f,t,,,3256,-,0,12083,record_in,record_out,record_recv,record_send,-,-,-,d,x,f,0,-1,0,0,,,
12083,_pg_policy,11,10,-1,f,b,A,f,t,,,0,array_subscript_handler,12084,0,array_in,array_out,array_recv,array_send,-,-,array_typanalyze,d,x,f,0,-1,0,0,,,
12086,pg_replication_origin,11,10,-1,f,c,C,f,t,,,6000,-,0,12085,record_in,record_out,record_recv,record_send,-,-,-,d,x,f,0,-1,0,0,,,
12085,_pg_replication_origin,11,10,-1,f,b,A,f,t,,,0,array_subscript_handler,12086,0,array_in,array_out,array_recv,array_send,-,-,array_typanalyze,d,x,f,0,-1,0,0,,,
12088,pg_default_acl,11,10,-1,f,c,C,f,t,,,826,-,0,12087,record_in,record_out,record_recv,record_send,-,-,-,d,x,f,0,-1,0,0,,,
12087,_pg_default_acl,11,10,-1,f,b,A,f,t,,,0,array_subscript_handler,12088,0,array_in,array_out,array_recv,array_send,-,-,array_typanalyze,d,x,f,0,-1,0,0,,,
12090,pg_init_privs,11,10,-1,f,c,C,f,t,,,3394,-,0,12089,record_in,record_out,record_recv,record_send,-,-,-,d,x,f,0,-1,0,0,,,
12089,_pg_init_privs,11,10,-1,f,b,A,f,t,,,0,array_subscript_handler,12090,0,array_in,array_out,array_recv,array_send,-,-,array_typanalyze,d,x,f,0,-1,0,0,,,
12092,pg_seclabel,11,10,-1,f,c,C,f,t,,,3596,-,0,12091,record_in,record_out,record_recv,record_send,-,-,-,d,x,f,0,-1,0,0,,,
12091,_pg_seclabel,11,10,-1,f,b,A,f,t,,,0,array_subscript_handler,12092,0,array_in,array_out,array_recv,array_send,-,-,array_typanalyze,d,x,f,0,-1,0,0,,,
4066,pg_shseclabel,11,10,-1,f,c,C,f,t,,,3592,-,0,12093,record_in,record_out,record_recv,record_send,-,-,-,d,x,f,0,-1,0,0,,,
12093,_pg_shseclabel,11,10,-1,f,b,A,f,t,,,0,array_subscript_handler,4066,0,array_in,array_out,array_recv,array_send,-,-,array_typanalyze,d,x,f,0,-1,0,0,,,
12095,pg_collation,11,10,-1,f,c,C,f,t,,,3456,-,0,12094,record_in,record_out,record_recv,record_send,-,-,-,d,x,f,0,-1,0,0,,,
12094,_pg_collation,11,10,-1,f,b,A,f,t,,,0,array_subscript_handler,12095,0,array_in,array_out,array_recv,array_send,-,-,array_typanalyze,d,x,f,0,-1,0,0,,,
12097,pg_partitioned_table,11,10,-1,f,c,C,f,t,,,3350,-,0,12096,record_in,record_out,record_recv,record_send,-,-,-,d,x,f,0,-1,0,0,,,
12096,_pg_partitioned_table,11,10,-1,f,b,A,f,t,,,0,array_subscript_handler,12097,0,array_in,array_out,array_recv,array_send,-,-,array_typanalyze,d,x,f,0,-1,0,0,,,
12099,pg_range,11,10,-1,f,c,C,f,t,,,3541,-,0,12098,record_in,record_out,record_recv,record_send,-,-,-,d,x,f,0,-1,0,0,,,
12098,_pg_range,11,10,-1,f,b,A,f,t,,,0,array_subscript_handler,12099,0,array_in,array_out,array_recv,array_send,-,-,array_typanalyze,d,x,f,0,-1,0,0,,,
12101,pg_transform,11,10,-1,f,c,C,f,t,,,3576,-,0,12100,record_in,record_out,record_recv,record_send,-,-,-,d,x,f,0,-1,0,0,,,
12100,_pg_transform,11,10,-1,f,b,A,f,t,,,0,array_subscript_handler,12101,0,array_in,array_out,array_recv,array_send,-,-,array_typanalyze,d,x,f,0,-1,0,0,,,
12103,pg_sequence,11,10,-1,f,c,C,f,t,,,2224,-,0,12102,record_in,record_out,record_recv,record_send,-,-,-,d,x,f,0,-1,0,0,,,
12102,_pg_sequence,11,10,-1,f,b,A,f,t,,,0,array_subscript_handler,12103,0,array_in,array_out,array_recv,array_send,-,-,array_typanalyze,d,x,f,0,-1,0,0,,,
12105,pg_publication,11,10,-1,f,c,C,f,t,,,6104,-,0,12104,record_in,record_out,record_recv,record_send,-,-,-,d,x,f,0,-1,0,0,,,
12104,_pg_publication,11,10,-1,f,b,A,f,t,,,0,array_subscript_handler,12105,0,array_in,array_out,array_recv,array_send,-,-,array_typanalyze,d,x,f,0,-1,0,0,,,
12107,pg_publication_rel,11,10,-1,f,c,C,f,t,,,6106,-,0,12106,record_in,record_out,record_recv,record_send,-,-,-,d,x,f,0,-1,0,0,,,
12106,_pg_publication_rel,11,10,-1,f,b,A,f,t,,,0,array_subscript_handler,12107,0,array_in,array_out,array_recv,array_send,-,-,array_typanalyze,d,x,f,0,-1,0,0,,,
6101,pg_subscription,11,10,-1,f,c,C,f,t,,,6100,-,0,12108,record_in,record_out,record_recv,record_send,-,-,-,d,x,f,0,-1,0,0,,,
12108,_pg_subscription,11,10,-1,f,b,A,f,t,,,0,array_subscript_handler,6101,0,array_in,array_out,array_recv,array_send,-,-,array_typanalyze,d,x,f,0,-1,0,0,,,
12110,pg_subscription_rel,11,10,-1,f,c,C,f,t,,,6102,-,0,12109,record_in,record_out,record_recv,record_send,-,-,-,d,x,f,0,-1,0,0,,,
12109,_pg_subscription_rel,11,10,-1,f,b,A,f,t,,,0,array_subscript_handler,12110,0,array_in,array_out,array_recv,array_send,-,-,array_typanalyze,d,x,f,0,-1,0,0,,,
12219,pg_roles,11,10,-1,f,c,C,f,t,,,12217,-,0,12218,record_in,record_out,record_recv,record_send,-,-,-,d,x,f,0,-1,0,0,,,
12218,_pg_roles,11,10,-1,f,b,A,f,t,,,0,array_subscript_handler,12219,0,array_in,array_out,array_recv,array_send,-,-,array_typanalyze,d,x,f,0,-1,0,0,,,
12224,pg_shadow,11,10,-1,f,c,C,f,t,,,12222,-,0,12223,record_in,record_out,record_recv,record_send,-,-,-,d,x,f,0,-1,0,0,,,
12223,_pg_shadow,11,10,-1,f,b,A,f,t,,,0,array_subscript_handler,12224,0,array_in,array_out,array_recv,array_send,-,-,array_typanalyze,d,x,f,0,-1,0,0,,,
12229,pg_group,11,10,-1,f,c,C,f,t,,,12227,-,0,12228,record_in,record_out,record_recv,record_send,-,-,-,d,x,f,0,-1,0,0,,,
12228,_pg_group,11,10,-1,f,b,A,f,t,,,0,array_subscript_handler,12229,0,array_in,array_out,array_recv,array_send,-,-,array_typanalyze,d,x,f,0,-1,0,0,,,
12233,pg_user,11,10,-1,f,c,C,f,t,,,12231,-,0,12232,record_in,record_out,record_recv,record_send,-,-,-,d,x,f,0,-1,0,0,,,
12232,_pg_user,11,10,-1,f,b,A,f,t,,,0,array_subscript_handler,12233,0,array_in,array_out,array_recv,array_send,-,-,array_typanalyze,d,x,f,0,-1,0,0,,,
12237,pg_policies,11,10,-1,f,c,C,f,t,,,12235,-,0,12236,record_in,record_out,record_recv,record_send,-,-,-,d,x,f,0,-1,0,0,,,
12236,_pg_policies,11,10,-1,f,b,A,f,t,,,0,array_subscript_handler,12237,0,array_in,array_out,array_recv,array_send,-,-,array_typanalyze,d,x,f,0,-1,0,0,,,
12242,pg_rules,11,10,-1,f,c,C,f,t,,,12240,-,0,12241,record_in,record_out,record_recv,record_send,-,-,-,d,x,f,0,-1,0,0,,,
12241,_pg_rules,11,10,-1,f,b,A,f,t,,,0,array_subscript_handler,12242,0,array_in,array_out,array_recv,array_send,-,-,array_typanalyze,d,x,f,0,-1,0,0,,,
12247,pg_views,11,10,-1,f,c,C,f,t,,,12245,-,0,12246,record_in,record_out,record_recv,record_send,-,-,-,d,x,f,0,-1,0,0,,,
12246,_pg_views,11,10,-1,f,b,A,f,t,,,0,array_subscript_handler,12247,0,array_in,array_out,array_recv,array_send,-,-,array_typanalyze,d,x,f,0,-1,0,0,,,
12252,pg_tables,11,10,-1,f,c,C,f,t,,,12250,-,0,12251,record_in,record_out,record_recv,record_send,-,-,-,d,x,f,0,-1,0,0,,,
12251,_pg_tables,11,10,-1,f,b,A,f,t,,,0,array_subscript_handler,12252,0,array_in,array_out,array_recv,array_send,-,-,array_typanalyze,d,x,f,0,-1,0,0,,,
12257,pg_matviews,11,10,-1,f,c,C,f,t,,,12255,-,0,12256,record_in,record_out,record_recv,record_send,-,-,-,d,x,f,0,-1,0,0,,,
12256,_pg_matviews,11,10,-1,f,b,A,f,t,,,0,array_subscript_handler,12257,0,array_in,array_out,array_recv,array_send,-,-,array_typanalyze,d,x,f,0,-1,0,0,,,
12262,pg_indexes,11,10,-1,f,c,C,f,t,,,12260,-,0,12261,record_in,record_out,record_recv,record_send,-,-,-,d,x,f,0,-1,0,0,,,
12261,_pg_indexes,11,10,-1,f,b,A,f,t,,,0,array_subscript_handler,12262,0,array_in,array_out,array_recv,array_send,-,-,array_typanalyze,d,x,f,0,-1,0,0,,,
12267,pg_sequences,11,10,-1,f,c,C,f,t,,,12265,-,0,12266,record_in,record_out,record_recv,record_send,-,-,-,d,x,f,0,-1,0,0,,,
12266,_pg_sequences,11,10,-1,f,b,A,f,t,,,0,array_subscript_handler,12267,0,array_in,array_out,array_recv,array_send,-,-,array_typanalyze,d,x,f,0,-1,0,0,,,
12272,pg_stats,11,10,-1,f,c,C,f,t,,,12270,-,0,12271,record_in,record_out,record_recv,record_send,-,-,-,d,x,f,0,-1,0,0,,,
12271,_pg_stats,11,10,-1,f,b,A,f,t,,,0,array_subscript_handler,12272,0,array_in,array_out,array_recv,array_send,-,-,array_typanalyze,d,x,f,0,-1,0,0,,,
12277,pg_stats_ext,11,10,-1,f,c,C,f,t,,,12275,-,0,12276,record_in,record_out,record_recv,record_send,-,-,-,d,x,f,0,-1,0,0,,,
12276,_pg_stats_ext,11,10,-1,f,b,A,f,t,,,0,array_subscript_handler,12277,0,array_in,array_out,array_recv,array_send,-,-,array_typanalyze,d,x,f,0,-1,0,0,,,
12282,pg_stats_ext_exprs,11,10,-1,f,c,C,f,t,,,12280,-,0,12281,record_in,record_out,record_recv,record_send,-,-,-,d,x,f,0,-1,0,0,,,
12281,_pg_stats_ext_exprs,11,10,-1,f,b,A,f,t,,,0,array_subscript_handler,12282,0,array_in,array_out,array_recv,array_send,-,-,array_typanalyze,d,x,f,0,-1,0,0,,,
12287,pg_publication_tables,11,10,-1,f,c,C,f,t,,,12285,-,0,12286,record_in,record_out,record_recv,record_send,-,-,-,d,x,f,0,-1,0,0,,,
12286,_pg_publication_tables,11,10,-1,f,b,A,f,t,,,0,array_subscript_handler,12287,0,array_in,array_out,array_recv,array_send,-,-,array_typanalyze,d,x,f,0,-1,0,0,,,
12292,pg_locks,11,10,-1,f,c,C,f,t,,,12290,-,0,12291,record_in,record_out,record_recv,record_send,-,-,-,d,x,f,0,-1,0,0,,,
12291,_pg_locks,11,10,-1,f,b,A,f,t,,,0,array_subscript_handler,12292,0,array_in,array_out,array_recv,array_send,-,-,array_typanalyze,d,x,f,0,-1,0,0,,,
12296,pg_cursors,11,10,-1,f,c,C,f,t,,,12294,-,0,12295,record_in,record_out,record_recv,record_send,-,-,-,d,x,f,0,-1,0,0,,,
12295,_pg_cursors,11,10,-1,f,b,A,f,t,,,0,array_subscript_handler,12296,0,array_in,array_out,array_recv,array_send,-,-,array_typanalyze,d,x,f,0,-1,0,0,,,
12300,pg_available_extensions,11,10,-1,f,c,C,f,t,,,12298,-,0,12299,record_in,record_out,record_recv,record_send,-,-,-,d,x,f,0,-1,0,0,,,
12299,_pg_available_extensions,11,10,-1,f,b,A,f,t,,,0,array_subscript_handler,12300,0,array_in,array_out,array_recv,array_send,-,-,array_typanalyze,d,x,f,0,-1,0,0,,,
12304,pg_available_extension_versions,11,10,-1,f,c,C,f,t,,,12302,-,0,12303,record_in,record_out,record_recv,record_send,-,-,-,d,x,f,0,-1,0,0,,,
12303,_pg_available_extension_versions,11,10,-1,f,b,A,f,t,,,0,array_subscript_handler,12304,0,array_in,array_out,array_recv,array_send,-,-,array_typanalyze,d,x,f,0,-1,0,0,,,
12309,pg_prepared_xacts,11,10,-1,f,c,C,f,t,,,12307,-,0,12308,record_in,record_out,record_recv,record_send,-,-,-,d,x,f,0,-1,0,0,,,
12308,_pg_prepared_xacts,11,10,-1,f,b,A,f,t,,,0,array_subscript_handler,12309,0,array_in,array_out,array_recv,array_send,-,-,array_typanalyze,d,x,f,0,-1,0,0,,,
12314,pg_prepared_statements,11,10,-1,f,c,C,f,t,,,12312,-,0,12313,record_in,record_out,record_recv,record_send,-,-,-,d,x,f,0,-1,0,0,,,
12313,_pg_prepared_statements,11,10,-1,f,b,A,f,t,,,0,array_subscript_handler,12314,0,array_in,array_out,array_recv,array_send,-,-,array_typanalyze,d,x,f,0,-1,0,0,,,
12318,pg_seclabels,11,10,-1,f,c,C,f,t,,,12316,-,0,12317,record_in,record_out,record_recv,record_send,-,-,-,d,x,f,0,-1,0,0,,,
12317,_pg_seclabels,11,10,-1,f,b,A,f,t,,,0,array_subscript_handler,12318,0,array_in,array_out,array_recv,array_send,-,-,array_typanalyze,d,x,f,0,-1,0,0,,,
12323,pg_settings,11,10,-1,f,c,C,f,t,,,12321,-,0,12322,record_in,record_out,record_recv,record_send,-,-,-,d,x,f,0,-1,0,0,,,
12322,_pg_settings,11,10,-1,f,b,A,f,t,,,0,array_subscript_handler,12323,0,array_in,array_out,array_recv,array_send,-,-,array_typanalyze,d,x,f,0,-1,0,0,,,
12329,pg_file_settings,11,10,-1,f,c,C,f,t,,,12327,-,0,12328,record_in,record_out,record_recv,record_send,-,-,-,d,x,f,0,-1,0,0,,,
12328,_pg_file_settings,11,10,-1,f,b,A,f,t,,,0,array_subscript_handler,12329,0,array_in,array_out,array_recv,array_send,-,-,array_typanalyze,d,x,f,0,-1,0,0,,,
12333,pg_hba_file_rules,11,10,-1,f,c,C,f,t,,,12331,-,0,12332,record_in,record_out,record_recv,record_send,-,-,-,d,x,f,0,-1,0,0,,,
12332,_pg_hba_file_rules,11,10,-1,f,b,A,f,t,,,0,array_subscript_handler,12333,0,array_in,array_out,array_recv,array_send,-,-,array_typanalyze,d,x,f,0,-1,0,0,,,
12337,pg_timezone_abbrevs,11,10,-1,f,c,C,f,t,,,12335,-,0,12336,record_in,record_out,record_recv,record_send,-,-,-,d,x,f,0,-1,0,0,,,
12336,_pg_timezone_abbrevs,11,10,-1,f,b,A,f,t,,,0,array_subscript_handler,12337,0,array_in,array_out,array_recv,array_send,-,-,array_typanalyze,d,x,f,0,-1,0,0,,,
12341,pg_timezone_names,11,10,-1,f,c,C,f,t,,,12339,-,0,12340,record_in,record_out,record_recv,record_send,-,-,-,d,x,f,0,-1,0,0,,,
12340,_pg_timezone_names,11,10,-1,f,b,A,f,t,,,0,array_subscript_handler,12341,0,array_in,array_out,array_recv,array_send,-,-,array_typanalyze,d,x,f,0,-1,0,0,,,
12345,pg_config,11,10,-1,f,c,C,f,t,,,12343,-,0,12344,record_in,record_out,record_recv,record_send,-,-,-,d,x,f,0,-1,0,0,,,
12344,_pg_config,11,10,-1,f,b,A,f,t,,,0,array_subscript_handler,12345,0,array_in,array_out,array_recv,array_send,-,-,array_typanalyze,d,x,f,0,-1,0,0,,,
12349,pg_shmem_allocations,11,10,-1,f,c,C,f,t,,,12347,-,0,12348,record_in,record_out,record_recv,record_send,-,-,-,d,x,f,0,-1,0,0,,,
12348,_pg_shmem_allocations,11,10,-1,f,b,A,f,t,,,0,array_subscript_handler,12349,0,array_in,array_out,array_recv,array_send,-,-,array_typanalyze,d,x,f,0,-1,0,0,,,
12353,pg_backend_memory_contexts,11,10,-1,f,c,C,f,t,,,12351,-,0,12352,record_in,record_out,record_recv,record_send,-,-,-,d,x,f,0,-1,0,0,,,
12352,_pg_backend_memory_contexts,11,10,-1,f,b,A,f,t,,,0,array_subscript_handler,12353,0,array_in,array_out,array_recv,array_send,-,-,array_typanalyze,d,x,f,0,-1,0,0,,,
12357,pg_stat_all_tables,11,10,-1,f,c,C,f,t,,,12355,-,0,12356,record_in,record_out,record_recv,record_send,-,-,-,d,x,f,0,-1,0,0,,,
12356,_pg_stat_all_tables,11,10,-1,f,b,A,f,t,,,0,array_subscript_handler,12357,0,array_in,array_out,array_recv,array_send,-,-,array_typanalyze,d,x,f,0,-1,0,0,,,
12362,pg_stat_xact_all_tables,11,10,-1,f,c,C,f,t,,,12360,-,0,12361,record_in,record_out,record_recv,record_send,-,-,-,d,x,f,0,-1,0,0,,,
12361,_pg_stat_xact_all_tables,11,10,-1,f,b,A,f,t,,,0,array_subscript_handler,12362,0,array_in,array_out,array_recv,array_send,-,-,array_typanalyze,d,x,f,0,-1,0,0,,,
12367,pg_stat_sys_tables,11,10,-1,f,c,C,f,t,,,12365,-,0,12366,record_in,record_out,record_recv,record_send,-,-,-,d,x,f,0,-1,0,0,,,
12366,_pg_stat_sys_tables,11,10,-1,f,b,A,f,t,,,0,array_subscript_handler,12367,0,array_in,array_out,array_recv,array_send,-,-,array_typanalyze,d,x,f,0,-1,0,0,,,
12372,pg_stat_xact_sys_tables,11,10,-1,f,c,C,f,t,,,12370,-,0,12371,record_in,record_out,record_recv,record_send,-,-,-,d,x,f,0,-1,0,0,,,
12371,_pg_stat_xact_sys_tables,11,10,-1,f,b,A,f,t,,,0,array_subscript_handler,12372,0,array_in,array_out,array_recv,array_send,-,-,array_typanalyze,d,x,f,0,-1,0,0,,,
12376,pg_stat_user_tables,11,10,-1,f,c,C,f,t,,,12374,-,0,12375,record_in,record_out,record_recv,record_send,-,-,-,d,x,f,0,-1,0,0,,,
12375,_pg_stat_user_tables,11,10,-1,f,b,A,f,t,,,0,array_subscript_handler,12376,0,array_in,array_out,array_recv,array_send,-,-,array_typanalyze,d,x,f,0,-1,0,0,,,
12381,pg_stat_xact_user_tables,11,10,-1,f,c,C,f,t,,,12379,-,0,12380,record_in,record_out,record_recv,record_send,-,-,-,d,x,f,0,-1,0,0,,,
12380,_pg_stat_xact_user_tables,11,10,-1,f,b,A,f,t,,,0,array_subscript_handler,12381,0,array_in,array_out,array_recv,array_send,-,-,array_typanalyze,d,x,f,0,-1,0,0,,,
12385,pg_statio_all_tables,11,10,-1,f,c,C,f,t,,,12383,-,0,12384,record_in,record_out,record_recv,record_send,-,-,-,d,x,f,0,-1,0,0,,,
12384,_pg_statio_all_tables,11,10,-1,f,b,A,f,t,,,0,array_subscript_handler,12385,0,array_in,array_out,array_recv,array_send,-,-,array_typanalyze,d,x,f,0,-1,0,0,,,
12390,pg_statio_sys_tables,11,10,-1,f,c,C,f,t,,,12388,-,0,12389,record_in,record_out,record_recv,record_send,-,-,-,d,x,f,0,-1,0,0,,,
12389,_pg_statio_sys_tables,11,10,-1,f,b,A,f,t,,,0,array_subscript_handler,12390,0,array_in,array_out,array_recv,array_send,-,-,array_typanalyze,d,x,f,0,-1,0,0,,,
12394,pg_statio_user_tables,11,10,-1,f,c,C,f,t,,,12392,-,0,12393,record_in,record_out,record_recv,record_send,-,-,-,d,x,f,0,-1,0,0,,,
12393,_pg_statio_user_tables,11,10,-1,f,b,A,f,t,,,0,array_subscript_handler,12394,0,array_in,array_out,array_recv,array_send,-,-,array_typanalyze,d,x,f,0,-1,0,0,,,
12398,pg_stat_all_indexes,11,10,-1,f,c,C,f,t,,,12396,-,0,12397,record_in,record_out,record_recv,record_send,-,-,-,d,x,f,0,-1,0,0,,,
12397,_pg_stat_all_indexes,11,10,-1,f,b,A,f,t,,,0,array_subscript_handler,12398,0,array_in,array_out,array_recv,array_send,-,-,array_typanalyze,d,x,f,0,-1,0,0,,,
12403,pg_stat_sys_indexes,11,10,-1,f,c,C,f,t,,,12401,-,0,12402,record_in,record_out,record_recv,record_send,-,-,-,d,x,f,0,-1,0,0,,,
12402,_pg_stat_sys_indexes,11,10,-1,f,b,A,f,t,,,0,array_subscript_handler,12403,0,array_in,array_out,array_recv,array_send,-,-,array_typanalyze,d,x,f,0,-1,0,0,,,
12407,pg_stat_user_indexes,11,10,-1,f,c,C,f,t,,,12405,-,0,12406,record_in,record_out,record_recv,record_send,-,-,-,d,x,f,0,-1,0,0,,,
12406,_pg_stat_user_indexes,11,10,-1,f,b,A,f,t,,,0,array_subscript_handler,12407,0,array_in,array_out,array_recv,array_send,-,-,array_typanalyze,d,x,f,0,-1,0,0,,,
12411,pg_statio_all_indexes,11,10,-1,f,c,C,f,t,,,12409,-,0,12410,record_in,record_out,record_recv,record_send,-,-,-,d,x,f,0,-1,0,0,,,
12410,_pg_statio_all_indexes,11,10,-1,f,b,A,f,t,,,0,array_subscript_handler,12411,0,array_in,array_out,array_recv,array_send,-,-,array_typanalyze,d,x,f,0,-1,0,0,,,
12416,pg_statio_sys_indexes,11,10,-1,f,c,C,f,t,,,12414,-,0,12415,record_in,record_out,record_recv,record_send,-,-,-,d,x,f,0,-1,0,0,,,
12415,_pg_statio_sys_indexes,11,10,-1,f,b,A,f,t,,,0,array_subscript_handler,12416,0,array_in,array_out,array_recv,array_send,-,-,array_typanalyze,d,x,f,0,-1,0,0,,,
12420,pg_statio_user_indexes,11,10,-1,f,c,C,f,t,,,12418,-,0,12419,record_in,record_out,record_recv,record_send,-,-,-,d,x,f,0,-1,0,0,,,
12419,_pg_statio_user_indexes,11,10,-1,f,b,A,f,t,,,0,array_subscript_handler,12420,0,array_in,array_out,array_recv,array_send,-,-,array_typanalyze,d,x,f,0,-1,0,0,,,
12424,pg_statio_all_sequences,11,10,-1,f,c,C,f,t,,,12422,-,0,12423,record_in,record_out,record_recv,record_send,-,-,-,d,x,f,0,-1,0,0,,,
12423,_pg_statio_all_sequences,11,10,-1,f,b,A,f,t,,,0,array_subscript_handler,12424,0,array_in,array_out,array_recv,array_send,-,-,array_typanalyze,d,x,f,0,-1,0,0,,,
12429,pg_statio_sys_sequences,11,10,-1,f,c,C,f,t,,,12427,-,0,12428,record_in,record_out,record_recv,record_send,-,-,-,d,x,f,0,-1,0,0,,,
12428,_pg_statio_sys_sequences,11,10,-1,f,b,A,f,t,,,0,array_subscript_handler,12429,0,array_in,array_out,array_recv,array_send,-,-,array_typanalyze,d,x,f,0,-1,0,0,,,
12433,pg_statio_user_sequences,11,10,-1,f,c,C,f,t,,,12431,-,0,12432,record_in,record_out,record_recv,record_send,-,-,-,d,x,f,0,-1,0,0,,,
12432,_pg_statio_user_sequences,11,10,-1,f,b,A,f,t,,,0,array_subscript_handler,12433,0,array_in,array_out,array_recv,array_send,-,-,array_typanalyze,d,x,f,0,-1,0,0,,,
12437,pg_stat_activity,11,10,-1,f,c,C,f,t,,,12435,-,0,12436,record_in,record_out,record_recv,record_send,-,-,-,d,x,f,0,-1,0,0,,,
12436,_pg_stat_activity,11,10,-1,f,b,A,f,t,,,0,array_subscript_handler,12437,0,array_in,array_out,array_recv,array_send,-,-,array_typanalyze,d,x,f,0,-1,0,0,,,
12442,pg_stat_replication,11,10,-1,f,c,C,f,t,,,12440,-,0,12441,record_in,record_out,record_recv,record_send,-,-,-,d,x,f,0,-1,0,0,,,
12441,_pg_stat_replication,11,10,-1,f,b,A,f,t,,,0,array_subscript_handler,12442,0,array_in,array_out,array_recv,array_send,-,-,array_typanalyze,d,x,f,0,-1,0,0,,,
12447,pg_stat_slru,11,10,-1,f,c,C,f,t,,,12445,-,0,12446,record_in,record_out,record_recv,record_send,-,-,-,d,x,f,0,-1,0,0,,,
12446,_pg_stat_slru,11,10,-1,f,b,A,f,t,,,0,array_subscript_handler,12447,0,array_in,array_out,array_recv,array_send,-,-,array_typanalyze,d,x,f,0,-1,0,0,,,
12451,pg_stat_wal_receiver,11,10,-1,f,c,C,f,t,,,12449,-,0,12450,record_in,record_out,record_recv,record_send,-,-,-,d,x,f,0,-1,0,0,,,
12450,_pg_stat_wal_receiver,11,10,-1,f,b,A,f,t,,,0,array_subscript_handler,12451,0,array_in,array_out,array_recv,array_send,-,-,array_typanalyze,d,x,f,0,-1,0,0,,,
12455,pg_stat_subscription,11,10,-1,f,c,C,f,t,,,12453,-,0,12454,record_in,record_out,record_recv,record_send,-,-,-,d,x,f,0,-1,0,0,,,
12454,_pg_stat_subscription,11,10,-1,f,b,A,f,t,,,0,array_subscript_handler,12455,0,array_in,array_out,array_recv,array_send,-,-,array_typanalyze,d,x,f,0,-1,0,0,,,
12460,pg_stat_ssl,11,10,-1,f,c,C,f,t,,,12458,-,0,12459,record_in,record_out,record_recv,record_send,-,-,-,d,x,f,0,-1,0,0,,,
12459,_pg_stat_ssl,11,10,-1,f,b,A,f,t,,,0,array_subscript_handler,12460,0,array_in,array_out,array_recv,array_send,-,-,array_typanalyze,d,x,f,0,-1,0,0,,,
12464,pg_stat_gssapi,11,10,-1,f,c,C,f,t,,,12462,-,0,12463,record_in,record_out,record_recv,record_send,-,-,-,d,x,f,0,-1,0,0,,,
12463,_pg_stat_gssapi,11,10,-1,f,b,A,f,t,,,0,array_subscript_handler,12464,0,array_in,array_out,array_recv,array_send,-,-,array_typanalyze,d,x,f,0,-1,0,0,,,
12468,pg_replication_slots,11,10,-1,f,c,C,f,t,,,12466,-,0,12467,record_in,record_out,record_recv,record_send,-,-,-,d,x,f,0,-1,0,0,,,
12467,_pg_replication_slots,11,10,-1,f,b,A,f,t,,,0,array_subscript_handler,12468,0,array_in,array_out,array_recv,array_send,-,-,array_typanalyze,d,x,f,0,-1,0,0,,,
12473,pg_stat_replication_slots,11,10,-1,f,c,C,f,t,,,12471,-,0,12472,record_in,record_out,record_recv,record_send,-,-,-,d,x,f,0,-1,0,0,,,
12472,_pg_stat_replication_slots,11,10,-1,f,b,A,f,t,,,0,array_subscript_handler,12473,0,array_in,array_out,array_recv,array_send,-,-,array_typanalyze,d,x,f,0,-1,0,0,,,
12477,pg_stat_database,11,10,-1,f,c,C,f,t,,,12475,-,0,12476,record_in,record_out,record_recv,record_send,-,-,-,d,x,f,0,-1,0,0,,,
12476,_pg_stat_database,11,10,-1,f,b,A,f,t,,,0,array_subscript_handler,12477,0,array_in,array_out,array_recv,array_send,-,-,array_typanalyze,d,x,f,0,-1,0,0,,,
12482,pg_stat_database_conflicts,11,10,-1,f,c,C,f,t,,,12480,-,0,12481,record_in,record_out,record_recv,record_send,-,-,-,d,x,f,0,-1,0,0,,,
12481,_pg_stat_database_conflicts,11,10,-1,f,b,A,f,t,,,0,array_subscript_handler,12482,0,array_in,array_out,array_recv,array_send,-,-,array_typanalyze,d,x,f,0,-1,0,0,,,
12486,pg_stat_user_functions,11,10,-1,f,c,C,f,t,,,12484,-,0,12485,record_in,record_out,record_recv,record_send,-,-,-,d,x,f,0,-1,0,0,,,
12485,_pg_stat_user_functions,11,10,-1,f,b,A,f,t,,,0,array_subscript_handler,12486,0,array_in,array_out,array_recv,array_send,-,-,array_typanalyze,d,x,f,0,-1,0,0,,,
12491,pg_stat_xact_user_functions,11,10,-1,f,c,C,f,t,,,12489,-,0,12490,record_in,record_out,record_recv,record_send,-,-,-,d,x,f,0,-1,0,0,,,
12490,_pg_stat_xact_user_functions,11,10,-1,f,b,A,f,t,,,0,array_subscript_handler,12491,0,array_in,array_out,array_recv,array_send,-,-,array_typanalyze,d,x,f,0,-1,0,0,,,
12496,pg_stat_archiver,11,10,-1,f,c,C,f,t,,,12494,-,0,12495,record_in,record_out,record_recv,record_send,-,-,-,d,x,f,0,-1,0,0,,,
12495,_pg_stat_archiver,11,10,-1,f,b,A,f,t,,,0,array_subscript_handler,12496,0,array_in,array_out,array_recv,array_send,-,-,array_typanalyze,d,x,f,0,-1,0,0,,,
12500,pg_stat_bgwriter,11,10,-1,f,c,C,f,t,,,12498,-,0,12499,record_in,record_out,record_recv,record_send,-,-,-,d,x,f,0,-1,0,0,,,
12499,_pg_stat_bgwriter,11,10,-1,f,b,A,f,t,,,0,array_subscript_handler,12500,0,array_in,array_out,array_recv,array_send,-,-,array_typanalyze,d,x,f,0,-1,0,0,,,
12504,pg_stat_wal,11,10,-1,f,c,C,f,t,,,12502,-,0,12503,record_in,record_out,record_recv,record_send,-,-,-,d,x,f,0,-1,0,0,,,
12503,_pg_stat_wal,11,10,-1,f,b,A,f,t,,,0,array_subscript_handler,12504,0,array_in,array_out,array_recv,array_send,-,-,array_typanalyze,d,x,f,0,-1,0,0,,,
12508,pg_stat_progress_analyze,11,10,-1,f,c,C,f,t,,,12506,-,0,12507,record_in,record_out,record_recv,record_send,-,-,-,d,x,f,0,-1,0,0,,,
12507,_pg_stat_progress_analyze,11,10,-1,f,b,A,f,t,,,0,array_subscript_handler,12508,0,array_in,array_out,array_recv,array_send,-,-,array_typanalyze,d,x,f,0,-1,0,0,,,
12513,pg_stat_progress_vacuum,11,10,-1,f,c,C,f,t,,,12511,-,0,12512,record_in,record_out,record_recv,record_send,-,-,-,d,x,f,0,-1,0,0,,,
12512,_pg_stat_progress_vacuum,11,10,-1,f,b,A,f,t,,,0,array_subscript_handler,12513,0,array_in,array_out,array_recv,array_send,-,-,array_typanalyze,d,x,f,0,-1,0,0,,,
12518,pg_stat_progress_cluster,11,10,-1,f,c,C,f,t,,,12516,-,0,12517,record_in,record_out,record_recv,record_send,-,-,-,d,x,f,0,-1,0,0,,,
12517,_pg_stat_progress_cluster,11,10,-1,f,b,A,f,t,,,0,array_subscript_handler,12518,0,array_in,array_out,array_recv,array_send,-,-,array_typanalyze,d,x,f,0,-1,0,0,,,
12523,pg_stat_progress_create_index,11,10,-1,f,c,C,f,t,,,12521,-,0,12522,record_in,record_out,record_recv,record_send,-,-,-,d,x,f,0,-1,0,0,,,
12522,_pg_stat_progress_create_index,11,10,-1,f,b,A,f,t,,,0,array_subscript_handler,12523,0,array_in,array_out,array_recv,array_send,-,-,array_typanalyze,d,x,f,0,-1,0,0,,,
12528,pg_stat_progress_basebackup,11,10,-1,f,c,C,f,t,,,12526,-,0,12527,record_in,record_out,record_recv,record_send,-,-,-,d,x,f,0,-1,0,0,,,
12527,_pg_stat_progress_basebackup,11,10,-1,f,b,A,f,t,,,0,array_subscript_handler,12528,0,array_in,array_out,array_recv,array_send,-,-,array_typanalyze,d,x,f,0,-1,0,0,,,
12533,pg_stat_progress_copy,11,10,-1,f,c,C,f,t,,,12531,-,0,12532,record_in,record_out,record_recv,record_send,-,-,-,d,x,f,0,-1,0,0,,,
12532,_pg_stat_progress_copy,11,10,-1,f,b,A,f,t,,,0,array_subscript_handler,12533,0,array_in,array_out,array_recv,array_send,-,-,array_typanalyze,d,x,f,0,-1,0,0,,,
12538,pg_user_mappings,11,10,-1,f,c,C,f,t,,,12536,-,0,12537,record_in,record_out,record_recv,record_send,-,-,-,d,x,f,0,-1,0,0,,,
12537,_pg_user_mappings,11,10,-1,f,b,A,f,t,,,0,array_subscript_handler,12538,0,array_in,array_out,array_recv,array_send,-,-,array_typanalyze,d,x,f,0,-1,0,0,,,
12543,pg_replication_origin_status,11,10,-1,f,c,C,f,t,,,12541,-,0,12542,record_in,record_out,record_recv,record_send,-,-,-,d,x,f,0,-1,0,0,,,
12542,_pg_replication_origin_status,11,10,-1,f,b,A,f,t,,,0,array_subscript_handler,12543,0,array_in,array_out,array_recv,array_send,-,-,array_typanalyze,d,x,f,0,-1,0,0,,,
13690,cardinal_number,13676,10,4,t,d,N,f,t,,,0,-,0,13689,domain_in,int4out,domain_recv,int4send,-,-,-,i,p,f,23,-1,0,0,,,
13689,_cardinal_number,13676,10,-1,f,b,A,f,t,,,0,array_subscript_handler,13690,0,array_in,array_out,array_recv,array_send,-,-,array_typanalyze,i,x,f,0,-1,0,0,,,
13693,character_data,13676,10,-1,f,d,S,f,t,,,0,-,0,13692,domain_in,varcharout,domain_recv,varcharsend,-,-,-,i,x,f,1043,-1,0,950,,,
13692,_character_data,13676,10,-1,f,b,A,f,t,,,0,array_subscript_handler,13693,0,array_in,array_out,array_recv,array_send,-,-,array_typanalyze,i,x,f,0,-1,0,950,,,
13695,sql_identifier,13676,10,64,f,d,S,f,t,,,0,-,0,13694,domain_in,nameout,domain_recv,namesend,-,-,-,c,p,f,19,-1,0,950,,,
13694,_sql_identifier,13676,10,-1,f,b,A,f,t,,,0,array_subscript_handler,13695,0,array_in,array_out,array_recv,array_send,-,-,array_typanalyze,i,x,f,0,-1,0,950,,,
13698,information_schema_catalog_name,13676,10,-1,f,c,C,f,t,,,13696,-,0,13697,record_in,record_out,record_recv,record_send,-,-,-,d,x,f,0,-1,0,0,,,
13697,_information_schema_catalog_name,13676,10,-1,f,b,A,f,t,,,0,array_subscript_handler,13698,0,array_in,array_out,array_recv,array_send,-,-,array_typanalyze,d,x,f,0,-1,0,0,,,
13701,time_stamp,13676,10,8,t,d,D,f,t,,,0,-,0,13700,domain_in,timestamptz_out,domain_recv,timestamptz_send,-,-,-,d,p,f,1184,2,0,0,{SQLVALUEFUNCTION :op 4 :type 1184 :typmod 2 :location 105},CURRENT_TIMESTAMP(2),
13700,_time_stamp,13676,10,-1,f,b,A,f,t,,,0,array_subscript_handler,13701,0,array_in,array_out,array_recv,array_send,-,-,array_typanalyze,d,x,f,0,-1,0,0,,,
13703,yes_or_no,13676,10,-1,f,d,S,f,t,,,0,-,0,13702,domain_in,varcharout,domain_recv,varcharsend,-,-,-,i,x,f,1043,7,0,950,,,
13702,_yes_or_no,13676,10,-1,f,b,A,f,t,,,0,array_subscript_handler,13703,0,array_in,array_out,array_recv,array_send,-,-,array_typanalyze,i,x,f,0,-1,0,950,,,
13707,applicable_roles,13676,10,-1,f,c,C,f,t,,,13705,-,0,13706,record_in,record_out,record_recv,record_send,-,-,-,d,x,f,0,-1,0,0,,,
13706,_applicable_roles,13676,10,-1,f,b,A,f,t,,,0,array_subscript_handler,13707,0,array_in,array_out,array_recv,array_send,-,-,array_typanalyze,d,x,f,0,-1,0,0,,,
13712,administrable_role_authorizations,13676,10,-1,f,c,C,f,t,,,13710,-,0,13711,record_in,record_out,record_recv,record_send,-,-,-,d,x,f,0,-1,0,0,,,
13711,_administrable_role_authorizations,13676,10,-1,f,b,A,f,t,,,0,array_subscript_handler,13712,0,array_in,array_out,array_recv,array_send,-,-,array_typanalyze,d,x,f,0,-1,0,0,,,
13716,attributes,13676,10,-1,f,c,C,f,t,,,13714,-,0,13715,record_in,record_out,record_recv,record_send,-,-,-,d,x,f,0,-1,0,0,,,
13715,_attributes,13676,10,-1,f,b,A,f,t,,,0,array_subscript_handler,13716,0,array_in,array_out,array_recv,array_send,-,-,array_typanalyze,d,x,f,0,-1,0,0,,,
13721,character_sets,13676,10,-1,f,c,C,f,t,,,13719,-,0,13720,record_in,record_out,record_recv,record_send,-,-,-,d,x,f,0,-1,0,0,,,
13720,_character_sets,13676,10,-1,f,b,A,f,t,,,0,array_subscript_handler,13721,0,array_in,array_out,array_recv,array_send,-,-,array_typanalyze,d,x,f,0,-1,0,0,,,
13726,check_constraint_routine_usage,13676,10,-1,f,c,C,f,t,,,13724,-,0,13725,record_in,record_out,record_recv,record_send,-,-,-,d,x,f,0,-1,0,0,,,
13725,_check_constraint_routine_usage,13676,10,-1,f,b,A,f,t,,,0,array_subscript_handler,13726,0,array_in,array_out,array_recv,array_send,-,-,array_typanalyze,d,x,f,0,-1,0,0,,,
13731,check_constraints,13676,10,-1,f,c,C,f,t,,,13729,-,0,13730,record_in,record_out,record_recv,record_send,-,-,-,d,x,f,0,-1,0,0,,,
13730,_check_constraints,13676,10,-1,f,b,A,f,t,,,0,array_subscript_handler,13731,0,array_in,array_out,array_recv,array_send,-,-,array_typanalyze,d,x,f,0,-1,0,0,,,
13736,collations,13676,10,-1,f,c,C,f,t,,,13734,-,0,13735,record_in,record_out,record_recv,record_send,-,-,-,d,x,f,0,-1,0,0,,,
13735,_collations,13676,10,-1,f,b,A,f,t,,,0,array_subscript_handler,13736,0,array_in,array_out,array_recv,array_send,-,-,array_typanalyze,d,x,f,0,-1,0,0,,,
13741,collation_character_set_applicability,13676,10,-1,f,c,C,f,t,,,13739,-,0,13740,record_in,record_out,record_recv,record_send,-,-,-,d,x,f,0,-1,0,0,,,
13740,_collation_character_set_applicability,13676,10,-1,f,b,A,f,t,,,0,array_subscript_handler,13741,0,array_in,array_out,array_recv,array_send,-,-,array_typanalyze,d,x,f,0,-1,0,0,,,
13746,column_column_usage,13676,10,-1,f,c,C,f,t,,,13744,-,0,13745,record_in,record_out,record_recv,record_send,-,-,-,d,x,f,0,-1,0,0,,,
13745,_column_column_usage,13676,10,-1,f,b,A,f,t,,,0,array_subscript_handler,13746,0,array_in,array_out,array_recv,array_send,-,-,array_typanalyze,d,x,f,0,-1,0,0,,,
13751,column_domain_usage,13676,10,-1,f,c,C,f,t,,,13749,-,0,13750,record_in,record_out,record_recv,record_send,-,-,-,d,x,f,0,-1,0,0,,,
13750,_column_domain_usage,13676,10,-1,f,b,A,f,t,,,0,array_subscript_handler,13751,0,array_in,array_out,array_recv,array_send,-,-,array_typanalyze,d,x,f,0,-1,0,0,,,
13756,column_privileges,13676,10,-1,f,c,C,f,t,,,13754,-,0,13755,record_in,record_out,record_recv,record_send,-,-,-,d,x,f,0,-1,0,0,,,
13755,_column_privileges,13676,10,-1,f,b,A,f,t,,,0,array_subscript_handler,13756,0,array_in,array_out,array_recv,array_send,-,-,array_typanalyze,d,x,f,0,-1,0,0,,,
13761,column_udt_usage,13676,10,-1,f,c,C,f,t,,,13759,-,0,13760,record_in,record_out,record_recv,record_send,-,-,-,d,x,f,0,-1,0,0,,,
13760,_column_udt_usage,13676,10,-1,f,b,A,f,t,,,0,array_subscript_handler,13761,0,array_in,array_out,array_recv,array_send,-,-,array_typanalyze,d,x,f,0,-1,0,0,,,
13766,columns,13676,10,-1,f,c,C,f,t,,,13764,-,0,13765,record_in,record_out,record_recv,record_send,-,-,-,d,x,f,0,-1,0,0,,,
13765,_columns,13676,10,-1,f,b,A,f,t,,,0,array_subscript_handler,13766,0,array_in,array_out,array_recv,array_send,-,-,array_typanalyze,d,x,f,0,-1,0,0,,,
13771,constraint_column_usage,13676,10,-1,f,c,C,f,t,,,13769,-,0,13770,record_in,record_out,record_recv,record_send,-,-,-,d,x,f,0,-1,0,0,,,
13770,_constraint_column_usage,13676,10,-1,f,b,A,f,t,,,0,array_subscript_handler,13771,0,array_in,array_out,array_recv,array_send,-,-,array_typanalyze,d,x,f,0,-1,0,0,,,
13776,constraint_table_usage,13676,10,-1,f,c,C,f,t,,,13774,-,0,13775,record_in,record_out,record_recv,record_send,-,-,-,d,x,f,0,-1,0,0,,,
13775,_constraint_table_usage,13676,10,-1,f,b,A,f,t,,,0,array_subscript_handler,13776,0,array_in,array_out,array_recv,array_send,-,-,array_typanalyze,d,x,f,0,-1,0,0,,,
13781,domain_constraints,13676,10,-1,f,c,C,f,t,,,13779,-,0,13780,record_in,record_out,record_recv,record_send,-,-,-,d,x,f,0,-1,0,0,,,
13780,_domain_constraints,13676,10,-1,f,b,A,f,t,,,0,array_subscript_handler,13781,0,array_in,array_out,array_recv,array_send,-,-,array_typanalyze,d,x,f,0,-1,0,0,,,
13786,domain_udt_usage,13676,10,-1,f,c,C,f,t,,,13784,-,0,13785,record_in,record_out,record_recv,record_send,-,-,-,d,x,f,0,-1,0,0,,,
13785,_domain_udt_usage,13676,10,-1,f,b,A,f,t,,,0,array_subscript_handler,13786,0,array_in,array_out,array_recv,array_send,-,-,array_typanalyze,d,x,f,0,-1,0,0,,,
13791,domains,13676,10,-1,f,c,C,f,t,,,13789,-,0,13790,record_in,record_out,record_recv,record_send,-,-,-,d,x,f,0,-1,0,0,,,
13790,_domains,13676,10,-1,f,b,A,f,t,,,0,array_subscript_handler,13791,0,array_in,array_out,array_recv,array_send,-,-,array_typanalyze,d,x,f,0,-1,0,0,,,
13796,enabled_roles,13676,10,-1,f,c,C,f,t,,,13794,-,0,13795,record_in,record_out,record_recv,record_send,-,-,-,d,x,f,0,-1,0,0,,,
13795,_enabled_roles,13676,10,-1,f,b,A,f,t,,,0,array_subscript_handler,13796,0,array_in,array_out,array_recv,array_send,-,-,array_typanalyze,d,x,f,0,-1,0,0,,,
13800,key_column_usage,13676,10,-1,f,c,C,f,t,,,13798,-,0,13799,record_in,record_out,record_recv,record_send,-,-,-,d,x,f,0,-1,0,0,,,
13799,_key_column_usage,13676,10,-1,f,b,A,f,t,,,0,array_subscript_handler,13800,0,array_in,array_out,array_recv,array_send,-,-,array_typanalyze,d,x,f,0,-1,0,0,,,
13805,parameters,13676,10,-1,f,c,C,f,t,,,13803,-,0,13804,record_in,record_out,record_recv,record_send,-,-,-,d,x,f,0,-1,0,0,,,
13804,_parameters,13676,10,-1,f,b,A,f,t,,,0,array_subscript_handler,13805,0,array_in,array_out,array_recv,array_send,-,-,array_typanalyze,d,x,f,0,-1,0,0,,,
13810,referential_constraints,13676,10,-1,f,c,C,f,t,,,13808,-,0,13809,record_in,record_out,record_recv,record_send,-,-,-,d,x,f,0,-1,0,0,,,
13809,_referential_constraints,13676,10,-1,f,b,A,f,t,,,0,array_subscript_handler,13810,0,array_in,array_out,array_recv,array_send,-,-,array_typanalyze,d,x,f,0,-1,0,0,,,
13815,role_column_grants,13676,10,-1,f,c,C,f,t,,,13813,-,0,13814,record_in,record_out,record_recv,record_send,-,-,-,d,x,f,0,-1,0,0,,,
13814,_role_column_grants,13676,10,-1,f,b,A,f,t,,,0,array_subscript_handler,13815,0,array_in,array_out,array_recv,array_send,-,-,array_typanalyze,d,x,f,0,-1,0,0,,,
13819,routine_column_usage,13676,10,-1,f,c,C,f,t,,,13817,-,0,13818,record_in,record_out,record_recv,record_send,-,-,-,d,x,f,0,-1,0,0,,,
13818,_routine_column_usage,13676,10,-1,f,b,A,f,t,,,0,array_subscript_handler,13819,0,array_in,array_out,array_recv,array_send,-,-,array_typanalyze,d,x,f,0,-1,0,0,,,
13824,routine_privileges,13676,10,-1,f,c,C,f,t,,,13822,-,0,13823,record_in,record_out,record_recv,record_send,-,-,-,d,x,f,0,-1,0,0,,,
13823,_routine_privileges,13676,10,-1,f,b,A,f,t,,,0,array_subscript_handler,13824,0,array_in,array_out,array_recv,array_send,-,-,array_typanalyze,d,x,f,0,-1,0,0,,,
13829,role_routine_grants,13676,10,-1,f,c,C,f,t,,,13827,-,0,13828,record_in,record_out,record_recv,record_send,-,-,-,d,x,f,0,-1,0,0,,,
13828,_role_routine_grants,13676,10,-1,f,b,A,f,t,,,0,array_subscript_handler,13829,0,array_in,array_out,array_recv,array_send,-,-,array_typanalyze,d,x,f,0,-1,0,0,,,
13833,routine_routine_usage,13676,10,-1,f,c,C,f,t,,,13831,-,0,13832,record_in,record_out,record_recv,record_send,-,-,-,d,x,f,0,-1,0,0,,,
13832,_routine_routine_usage,13676,10,-1,f,b,A,f,t,,,0,array_subscript_handler,13833,0,array_in,array_out,array_recv,array_send,-,-,array_typanalyze,d,x,f,0,-1,0,0,,,
13838,routine_sequence_usage,13676,10,-1,f,c,C,f,t,,,13836,-,0,13837,record_in,record_out,record_recv,record_send,-,-,-,d,x,f,0,-1,0,0,,,
13837,_routine_sequence_usage,13676,10,-1,f,b,A,f,t,,,0,array_subscript_handler,13838,0,array_in,array_out,array_recv,array_send,-,-,array_typanalyze,d,x,f,0,-1,0,0,,,
13843,routine_table_usage,13676,10,-1,f,c,C,f,t,,,13841,-,0,13842,record_in,record_out,record_recv,record_send,-,-,-,d,x,f,0,-1,0,0,,,
13842,_routine_table_usage,13676,10,-1,f,b,A,f,t,,,0,array_subscript_handler,13843,0,array_in,array_out,array_recv,array_send,-,-,array_typanalyze,d,x,f,0,-1,0,0,,,
13848,routines,13676,10,-1,f,c,C,f,t,,,13846,-,0,13847,record_in,record_out,record_recv,record_send,-,-,-,d,x,f,0,-1,0,0,,,
13847,_routines,13676,10,-1,f,b,A,f,t,,,0,array_subscript_handler,13848,0,array_in,array_out,array_recv,array_send,-,-,array_typanalyze,d,x,f,0,-1,0,0,,,
13853,schemata,13676,10,-1,f,c,C,f,t,,,13851,-,0,13852,record_in,record_out,record_recv,record_send,-,-,-,d,x,f,0,-1,0,0,,,
13852,_schemata,13676,10,-1,f,b,A,f,t,,,0,array_subscript_handler,13853,0,array_in,array_out,array_recv,array_send,-,-,array_typanalyze,d,x,f,0,-1,0,0,,,
13857,sequences,13676,10,-1,f,c,C,f,t,,,13855,-,0,13856,record_in,record_out,record_recv,record_send,-,-,-,d,x,f,0,-1,0,0,,,
13856,_sequences,13676,10,-1,f,b,A,f,t,,,0,array_subscript_handler,13857,0,array_in,array_out,array_recv,array_send,-,-,array_typanalyze,d,x,f,0,-1,0,0,,,
13862,sql_features,13676,10,-1,f,c,C,f,t,,,13860,-,0,13861,record_in,record_out,record_recv,record_send,-,-,-,d,x,f,0,-1,0,0,,,
13861,_sql_features,13676,10,-1,f,b,A,f,t,,,0,array_subscript_handler,13862,0,array_in,array_out,array_recv,array_send,-,-,array_typanalyze,d,x,f,0,-1,0,0,,,
13867,sql_implementation_info,13676,10,-1,f,c,C,f,t,,,13865,-,0,13866,record_in,record_out,record_recv,record_send,-,-,-,d,x,f,0,-1,0,0,,,
13866,_sql_implementation_info,13676,10,-1,f,b,A,f,t,,,0,array_subscript_handler,13867,0,array_in,array_out,array_recv,array_send,-,-,array_typanalyze,d,x,f,0,-1,0,0,,,
13872,sql_parts,13676,10,-1,f,c,C,f,t,,,13870,-,0,13871,record_in,record_out,record_recv,record_send,-,-,-,d,x,f,0,-1,0,0,,,
13871,_sql_parts,13676,10,-1,f,b,A,f,t,,,0,array_subscript_handler,13872,0,array_in,array_out,array_recv,array_send,-,-,array_typanalyze,d,x,f,0,-1,0,0,,,
13877,sql_sizing,13676,10,-1,f,c,C,f,t,,,13875,-,0,13876,record_in,record_out,record_recv,record_send,-,-,-,d,x,f,0,-1,0,0,,,
13876,_sql_sizing,13676,10,-1,f,b,A,f,t,,,0,array_subscript_handler,13877,0,array_in,array_out,array_recv,array_send,-,-,array_typanalyze,d,x,f,0,-1,0,0,,,
13882,table_constraints,13676,10,-1,f,c,C,f,t,,,13880,-,0,13881,record_in,record_out,record_recv,record_send,-,-,-,d,x,f,0,-1,0,0,,,
13881,_table_constraints,13676,10,-1,f,b,A,f,t,,,0,array_subscript_handler,13882,0,array_in,array_out,array_recv,array_send,-,-,array_typanalyze,d,x,f,0,-1,0,0,,,
13887,table_privileges,13676,10,-1,f,c,C,f,t,,,13885,-,0,13886,record_in,record_out,record_recv,record_send,-,-,-,d,x,f,0,-1,0,0,,,
13886,_table_privileges,13676,10,-1,f,b,A,f,t,,,0,array_subscript_handler,13887,0,array_in,array_out,array_recv,array_send,-,-,array_typanalyze,d,x,f,0,-1,0,0,,,
13892,role_table_grants,13676,10,-1,f,c,C,f,t,,,13890,-,0,13891,record_in,record_out,record_recv,record_send,-,-,-,d,x,f,0,-1,0,0,,,
13891,_role_table_grants,13676,10,-1,f,b,A,f,t,,,0,array_subscript_handler,13892,0,array_in,array_out,array_recv,array_send,-,-,array_typanalyze,d,x,f,0,-1,0,0,,,
13896,tables,13676,10,-1,f,c,C,f,t,,,13894,-,0,13895,record_in,record_out,record_recv,record_send,-,-,-,d,x,f,0,-1,0,0,,,
13895,_tables,13676,10,-1,f,b,A,f,t,,,0,array_subscript_handler,13896,0,array_in,array_out,array_recv,array_send,-,-,array_typanalyze,d,x,f,0,-1,0,0,,,
13901,transforms,13676,10,-1,f,c,C,f,t,,,13899,-,0,13900,record_in,record_out,record_recv,record_send,-,-,-,d,x,f,0,-1,0,0,,,
13900,_transforms,13676,10,-1,f,b,A,f,t,,,0,array_subscript_handler,13901,0,array_in,array_out,array_recv,array_send,-,-,array_typanalyze,d,x,f,0,-1,0,0,,,
13906,triggered_update_columns,13676,10,-1,f,c,C,f,t,,,13904,-,0,13905,record_in,record_out,record_recv,record_send,-,-,-,d,x,f,0,-1,0,0,,,
13905,_triggered_update_columns,13676,10,-1,f,b,A,f,t,,,0,array_subscript_handler,13906,0,array_in,array_out,array_recv,array_send,-,-,array_typanalyze,d,x,f,0,-1,0,0,,,
13911,triggers,13676,10,-1,f,c,C,f,t,,,13909,-,0,13910,record_in,record_out,record_recv,record_send,-,-,-,d,x,f,0,-1,0,0,,,
13910,_triggers,13676,10,-1,f,b,A,f,t,,,0,array_subscript_handler,13911,0,array_in,array_out,array_recv,array_send,-,-,array_typanalyze,d,x,f,0,-1,0,0,,,
13916,udt_privileges,13676,10,-1,f,c,C,f,t,,,13914,-,0,13915,record_in,record_out,record_recv,record_send,-,-,-,d,x,f,0,-1,0,0,,,
13915,_udt_privileges,13676,10,-1,f,b,A,f,t,,,0,array_subscript_handler,13916,0,array_in,array_out,array_recv,array_send,-,-,array_typanalyze,d,x,f,0,-1,0,0,,,
13921,role_udt_grants,13676,10,-1,f,c,C,f,t,,,13919,-,0,13920,record_in,record_out,record_recv,record_send,-,-,-,d,x,f,0,-1,0,0,,,
13920,_role_udt_grants,13676,10,-1,f,b,A,f,t,,,0,array_subscript_handler,13921,0,array_in,array_out,array_recv,array_send,-,-,array_typanalyze,d,x,f,0,-1,0,0,,,
13925,usage_privileges,13676,10,-1,f,c,C,f,t,,,13923,-,0,13924,record_in,record_out,record_recv,record_send,-,-,-,d,x,f,0,-1,0,0,,,
13924,_usage_privileges,13676,10,-1,f,b,A,f,t,,,0,array_subscript_handler,13925,0,array_in,array_out,array_recv,array_send,-,-,array_typanalyze,d,x,f,0,-1,0,0,,,
13930,role_usage_grants,13676,10,-1,f,c,C,f,t,,,13928,-,0,13929,record_in,record_out,record_recv,record_send,-,-,-,d,x,f,0,-1,0,0,,,
13929,_role_usage_grants,13676,10,-1,f,b,A,f,t,,,0,array_subscript_handler,13930,0,array_in,array_out,array_recv,array_send,-,-,array_typanalyze,d,x,f,0,-1,0,0,,,
13934,user_defined_types,13676,10,-1,f,c,C,f,t,,,13932,-,0,13933,record_in,record_out,record_recv,record_send,-,-,-,d,x,f,0,-1,0,0,,,
13933,_user_defined_types,13676,10,-1,f,b,A,f,t,,,0,array_subscript_handler,13934,0,array_in,array_out,array_recv,array_send,-,-,array_typanalyze,d,x,f,0,-1,0,0,,,
13939,view_column_usage,13676,10,-1,f,c,C,f,t,,,13937,-,0,13938,record_in,record_out,record_recv,record_send,-,-,-,d,x,f,0,-1,0,0,,,
13938,_view_column_usage,13676,10,-1,f,b,A,f,t,,,0,array_subscript_handler,13939,0,array_in,array_out,array_recv,array_send,-,-,array_typanalyze,d,x,f,0,-1,0,0,,,
13944,view_routine_usage,13676,10,-1,f,c,C,f,t,,,13942,-,0,13943,record_in,record_out,record_recv,record_send,-,-,-,d,x,f,0,-1,0,0,,,
13943,_view_routine_usage,13676,10,-1,f,b,A,f,t,,,0,array_subscript_handler,13944,0,array_in,array_out,array_recv,array_send,-,-,array_typanalyze,d,x,f,0,-1,0,0,,,
13949,view_table_usage,13676,10,-1,f,c,C,f,t,,,13947,-,0,13948,record_in,record_out,record_recv,record_send,-,-,-,d,x,f,0,-1,0,0,,,
13948,_view_table_usage,13676,10,-1,f,b,A,f,t,,,0,array_subscript_handler,13949,0,array_in,array_out,array_recv,array_send,-,-,array_typanalyze,d,x,f,0,-1,0,0,,,
13954,views,13676,10,-1,f,c,C,f,t,,,13952,-,0,13953,record_in,record_out,record_recv,record_send,-,-,-,d,x,f,0,-1,0,0,,,
13953,_views,13676,10,-1,f,b,A,f,t,,,0,array_subscript_handler,13954,0,array_in,array_out,array_recv,array_send,-,-,array_typanalyze,d,x,f,0,-1,0,0,,,
13959,data_type_privileges,13676,10,-1,f,c,C,f,t,,,13957,-,0,13958,record_in,record_out,record_recv,record_send,-,-,-,d,x,f,0,-1,0,0,,,
13958,_data_type_privileges,13676,10,-1,f,b,A,f,t,,,0,array_subscript_handler,13959,0,array_in,array_out,array_recv,array_send,-,-,array_typanalyze,d,x,f,0,-1,0,0,,,
13964,element_types,13676,10,-1,f,c,C,f,t,,,13962,-,0,13963,record_in,record_out,record_recv,record_send,-,-,-,d,x,f,0,-1,0,0,,,
13963,_element_types,13676,10,-1,f,b,A,f,t,,,0,array_subscript_handler,13964,0,array_in,array_out,array_recv,array_send,-,-,array_typanalyze,d,x,f,0,-1,0,0,,,
13969,_pg_foreign_table_columns,13676,10,-1,f,c,C,f,t,,,13967,-,0,13968,record_in,record_out,record_recv,record_send,-,-,-,d,x,f,0,-1,0,0,,,
13968,__pg_foreign_table_columns,13676,10,-1,f,b,A,f,t,,,0,array_subscript_handler,13969,0,array_in,array_out,array_recv,array_send,-,-,array_typanalyze,d,x,f,0,-1,0,0,,,
13974,column_options,13676,10,-1,f,c,C,f,t,,,13972,-,0,13973,record_in,record_out,record_recv,record_send,-,-,-,d,x,f,0,-1,0,0,,,
13973,_column_options,13676,10,-1,f,b,A,f,t,,,0,array_subscript_handler,13974,0,array_in,array_out,array_recv,array_send,-,-,array_typanalyze,d,x,f,0,-1,0,0,,,
13978,_pg_foreign_data_wrappers,13676,10,-1,f,c,C,f,t,,,13976,-,0,13977,record_in,record_out,record_recv,record_send,-,-,-,d,x,f,0,-1,0,0,,,
13977,__pg_foreign_data_wrappers,13676,10,-1,f,b,A,f,t,,,0,array_subscript_handler,13978,0,array_in,array_out,array_recv,array_send,-,-,array_typanalyze,d,x,f,0,-1,0,0,,,
13982,foreign_data_wrapper_options,13676,10,-1,f,c,C,f,t,,,13980,-,0,13981,record_in,record_out,record_recv,record_send,-,-,-,d,x,f,0,-1,0,0,,,
13981,_foreign_data_wrapper_options,13676,10,-1,f,b,A,f,t,,,0,array_subscript_handler,13982,0,array_in,array_out,array_recv,array_send,-,-,array_typanalyze,d,x,f,0,-1,0,0,,,
13986,foreign_data_wrappers,13676,10,-1,f,c,C,f,t,,,13984,-,0,13985,record_in,record_out,record_recv,record_send,-,-,-,d,x,f,0,-1,0,0,,,
13985,_foreign_data_wrappers,13676,10,-1,f,b,A,f,t,,,0,array_subscript_handler,13986,0,array_in,array_out,array_recv,array_send,-,-,array_typanalyze,d,x,f,0,-1,0,0,,,
13990,_pg_foreign_servers,13676,10,-1,f,c,C,f,t,,,13988,-,0,13989,record_in,record_out,record_recv,record_send,-,-,-,d,x,f,0,-1,0,0,,,
13989,__pg_foreign_servers,13676,10,-1,f,b,A,f,t,,,0,array_subscript_handler,13990,0,array_in,array_out,array_recv,array_send,-,-,array_typanalyze,d,x,f,0,-1,0,0,,,
13995,foreign_server_options,13676,10,-1,f,c,C,f,t,,,13993,-,0,13994,record_in,record_out,record_recv,record_send,-,-,-,d,x,f,0,-1,0,0,,,
13994,_foreign_server_options,13676,10,-1,f,b,A,f,t,,,0,array_subscript_handler,13995,0,array_in,array_out,array_recv,array_send,-,-,array_typanalyze,d,x,f,0,-1,0,0,,,
13999,foreign_servers,13676,10,-1,f,c,C,f,t,,,13997,-,0,13998,record_in,record_out,record_recv,record_send,-,-,-,d,x,f,0,-1,0,0,,,
13998,_foreign_servers,13676,10,-1,f,b,A,f,t,,,0,array_subscript_handler,13999,0,array_in,array_out,array_recv,array_send,-,-,array_typanalyze,d,x,f,0,-1,0,0,,,
14003,_pg_foreign_tables,13676,10,-1,f,c,C,f,t,,,14001,-,0,14002,record_in,record_out,record_recv,record_send,-,-,-,d,x,f,0,-1,0,0,,,
14002,__pg_foreign_tables,13676,10,-1,f,b,A,f,t,,,0,array_subscript_handler,14003,0,array_in,array_out,array_recv,array_send,-,-,array_typanalyze,d,x,f,0,-1,0,0,,,
14008,foreign_table_options,13676,10,-1,f,c,C,f,t,,,14006,-,0,14007,record_in,record_out,record_recv,record_send,-,-,-,d,x,f,0,-1,0,0,,,
14007,_foreign_table_options,13676,10,-1,f,b,A,f,t,,,0,array_subscript_handler,14008,0,array_in,array_out,array_recv,array_send,-,-,array_typanalyze,d,x,f,0,-1,0,0,,,
14012,foreign_tables,13676,10,-1,f,c,C,f,t,,,14010,-,0,14011,record_in,record_out,record_recv,record_send,-,-,-,d,x,f,0,-1,0,0,,,
14011,_foreign_tables,13676,10,-1,f,b,A,f,t,,,0,array_subscript_handler,14012,0,array_in,array_out,array_recv,array_send,-,-,array_typanalyze,d,x,f,0,-1,0,0,,,
14016,_pg_user_mappings,13676,10,-1,f,c,C,f,t,,,14014,-,0,14015,record_in,record_out,record_recv,record_send,-,-,-,d,x,f,0,-1,0,0,,,
14015,__pg_user_mappings,13676,10,-1,f,b,A,f,t,,,0,array_subscript_handler,14016,0,array_in,array_out,array_recv,array_send,-,-,array_typanalyze,d,x,f,0,-1,0,0,,,
14021,user_mapping_options,13676,10,-1,f,c,C,f,t,,,14019,-,0,14020,record_in,record_out,record_recv,record_send,-,-,-,d,x,f,0,-1,0,0,,,
14020,_user_mapping_options,13676,10,-1,f,b,A,f,t,,,0,array_subscript_handler,14021,0,array_in,array_out,array_recv,array_send,-,-,array_typanalyze,d,x,f,0,-1,0,0,,,
14026,user_mappings,13676,10,-1,f,c,C,f,t,,,14024,-,0,14025,record_in,record_out,record_recv,record_send,-,-,-,d,x,f,0,-1,0,0,,,
14025,_user_mappings,13676,10,-1,f,b,A,f,t,,,0,array_subscript_handler,14026,0,array_in,array_out,array_recv,array_send,-,-,array_typanalyze,d,x,f,0,-1,0,0,,,
(601 rows)
